t,x,y
0.0,0.1423,0.18323
0.0,0.1423,0.18323
0.0,0.1423,0.18323
0.0,0.1423,0.18323
0.0,0.1423,0.18323
0.5258004445769335,0.24745882352941176,0.18374588235294118
0.5258004445769335,0.24745882352941176,0.18374588235294118
0.5258004445769335,0.24745882352941176,0.18374588235294118
0.5258004445769335,0.24745882352941176,0.18374588235294118
0.5258004445769335,0.24745882352941176,0.18374588235294118
1.051600889153867,0.3526176470588235,0.18426176470588235
1.051600889153867,0.3526176470588235,0.18426176470588235
1.051600889153867,0.3526176470588235,0.18426176470588235
1.051600889153867,0.3526176470588235,0.18426176470588235
1.051600889153867,0.3526176470588235,0.18426176470588235
1.5774013337308006,0.45777647058823534,0.18477764705882355
1.5774013337308006,0.45777647058823534,0.18477764705882355
1.5774013337308006,0.45777647058823534,0.18477764705882355
1.5774013337308006,0.45777647058823534,0.18477764705882355
1.5774013337308006,0.45777647058823534,0.18477764705882355
2.103201778307734,0.562935294117647,0.18529352941176472
2.103201778307734,0.562935294117647,0.18529352941176472
2.103201778307734,0.562935294117647,0.18529352941176472
2.103201778307734,0.562935294117647,0.18529352941176472
2.103201778307734,0.562935294117647,0.18529352941176472
2.629002222884668,0.6680941176470587,0.1858094117647059
2.629002222884668,0.6680941176470587,0.1858094117647059
2.629002222884668,0.6680941176470587,0.1858094117647059
2.629002222884668,0.6680941176470587,0.1858094117647059
2.629002222884668,0.6680941176470587,0.1858094117647059
3.1548026674616017,0.7732529411764706,0.18632529411764706
3.1548026674616017,0.7732529411764706,0.18632529411764706
3.1548026674616017,0.7732529411764706,0.18632529411764706
3.1548026674616017,0.7732529411764706,0.18632529411764706
3.1548026674616017,0.7732529411764706,0.18632529411764706
3.6806031120385354,0.8784117647058822,0.18684117647058823
3.6806031120385354,0.8784117647058822,0.18684117647058823
3.6806031120385354,0.8784117647058822,0.18684117647058823
3.6806031120385354,0.8784117647058822,0.18684117647058823
3.6806031120385354,0.8784117647058822,0.18684117647058823
4.206403556615469,0.983570588235294,0.1873570588235294
4.206403556615469,0.983570588235294,0.1873570588235294
4.206403556615469,0.983570588235294,0.1873570588235294
4.206403556615469,0.983570588235294,0.1873570588235294
4.206403556615469,0.983570588235294,0.1873570588235294
4.732204001192403,1.088729411764706,0.1878729411764706
4.732204001192403,1.088729411764706,0.1878729411764706
4.732204001192403,1.088729411764706,0.1878729411764706
4.732204001192403,1.088729411764706,0.1878729411764706
4.732204001192403,1.088729411764706,0.1878729411764706
5.258004445769337,1.1938882352941176,0.18838882352941178
5.258004445769337,1.1938882352941176,0.18838882352941178
5.258004445769337,1.1938882352941176,0.18838882352941178
5.258004445769337,1.1938882352941176,0.18838882352941178
5.258004445769337,1.1938882352941176,0.18838882352941178
5.78380489034627,1.2990470588235294,0.18890470588235295
5.78380489034627,1.2990470588235294,0.18890470588235295
5.78380489034627,1.2990470588235294,0.18890470588235295
5.78380489034627,1.2990470588235294,0.18890470588235295
5.78380489034627,1.2990470588235294,0.18890470588235295
6.309605334923204,1.4042058823529413,0.18942058823529412
6.309605334923204,1.4042058823529413,0.18942058823529412
6.309605334923204,1.4042058823529413,0.18942058823529412
6.309605334923204,1.4042058823529413,0.18942058823529412
6.309605334923204,1.4042058823529413,0.18942058823529412
6.835405779500138,1.5093647058823527,0.1899364705882353
6.835405779500138,1.5093647058823527,0.1899364705882353
6.835405779500138,1.5093647058823527,0.1899364705882353
6.835405779500138,1.5093647058823527,0.1899364705882353
6.835405779500138,1.5093647058823527,0.1899364705882353
7.361206224077072,1.6145235294117646,0.19045235294117646
7.361206224077072,1.6145235294117646,0.19045235294117646
7.361206224077072,1.6145235294117646,0.19045235294117646
7.361206224077072,1.6145235294117646,0.19045235294117646
7.361206224077072,1.6145235294117646,0.19045235294117646
7.8870066686540055,1.7196823529411764,0.19096823529411766
7.8870066686540055,1.7196823529411764,0.19096823529411766
7.8870066686540055,1.7196823529411764,0.19096823529411766
7.8870066686540055,1.7196823529411764,0.19096823529411766
7.8870066686540055,1.7196823529411764,0.19096823529411766
8.412807113230938,1.824841176470588,0.19148411764705883
8.412807113230938,1.824841176470588,0.19148411764705883
8.412807113230938,1.824841176470588,0.19148411764705883
8.412807113230938,1.824841176470588,0.19148411764705883
8.412807113230938,1.824841176470588,0.19148411764705883
8.938607557807872,1.93,0.192
8.938607557807872,1.93,0.192
8.938607557807872,1.93,0.192
8.938607557807872,1.93,0.192
8.938607557807872,1.93,0.192
9.429621514457782,1.9512999999999998,0.28786500000000004
9.429621514457782,1.9512999999999998,0.28786500000000004
9.429621514457782,1.9512999999999998,0.28786500000000004
9.429621514457782,1.9512999999999998,0.28786500000000004
9.429621514457782,1.9512999999999998,0.28786500000000004
9.920635471107692,1.9726,0.38373
9.920635471107692,1.9726,0.38373
9.920635471107692,1.9726,0.38373
9.920635471107692,1.9726,0.38373
9.920635471107692,1.9726,0.38373
10.435463735180178,1.8696411764705883,0.3825441176470588
10.435463735180178,1.8696411764705883,0.3825441176470588
10.435463735180178,1.8696411764705883,0.3825441176470588
10.435463735180178,1.8696411764705883,0.3825441176470588
10.435463735180178,1.8696411764705883,0.3825441176470588
10.950291999252665,1.7666823529411764,0.38135823529411766
10.950291999252665,1.7666823529411764,0.38135823529411766
10.950291999252665,1.7666823529411764,0.38135823529411766
10.950291999252665,1.7666823529411764,0.38135823529411766
10.950291999252665,1.7666823529411764,0.38135823529411766
11.46512026332515,1.6637235294117647,0.38017235294117646
11.46512026332515,1.6637235294117647,0.38017235294117646
11.46512026332515,1.6637235294117647,0.38017235294117646
11.46512026332515,1.6637235294117647,0.38017235294117646
11.46512026332515,1.6637235294117647,0.38017235294117646
11.979948527397637,1.5607647058823528,0.3789864705882353
11.979948527397637,1.5607647058823528,0.3789864705882353
11.979948527397637,1.5607647058823528,0.3789864705882353
11.979948527397637,1.5607647058823528,0.3789864705882353
11.979948527397637,1.5607647058823528,0.3789864705882353
12.494776791470123,1.457805882352941,0.3778005882352941
12.494776791470123,1.457805882352941,0.3778005882352941
12.494776791470123,1.457805882352941,0.3778005882352941
12.494776791470123,1.457805882352941,0.3778005882352941
12.494776791470123,1.457805882352941,0.3778005882352941
13.00960505554261,1.3548470588235293,0.37661470588235296
13.00960505554261,1.3548470588235293,0.37661470588235296
13.00960505554261,1.3548470588235293,0.37661470588235296
13.00960505554261,1.3548470588235293,0.37661470588235296
13.00960505554261,1.3548470588235293,0.37661470588235296
13.524433319615095,1.2518882352941176,0.37542882352941176
13.524433319615095,1.2518882352941176,0.37542882352941176
13.524433319615095,1.2518882352941176,0.37542882352941176
13.524433319615095,1.2518882352941176,0.37542882352941176
13.524433319615095,1.2518882352941176,0.37542882352941176
14.039261583687582,1.1489294117647058,0.3742429411764706
14.039261583687582,1.1489294117647058,0.3742429411764706
14.039261583687582,1.1489294117647058,0.3742429411764706
14.039261583687582,1.1489294117647058,0.3742429411764706
14.039261583687582,1.1489294117647058,0.3742429411764706
14.554089847760068,1.0459705882352939,0.3730570588235294
14.554089847760068,1.0459705882352939,0.3730570588235294
14.554089847760068,1.0459705882352939,0.3730570588235294
14.554089847760068,1.0459705882352939,0.3730570588235294
14.554089847760068,1.0459705882352939,0.3730570588235294
15.068918111832554,0.9430117647058822,0.37187117647058826
15.068918111832554,0.9430117647058822,0.37187117647058826
15.068918111832554,0.9430117647058822,0.37187117647058826
15.068918111832554,0.9430117647058822,0.37187117647058826
15.068918111832554,0.9430117647058822,0.37187117647058826
15.58374637590504,0.8400529411764706,0.37068529411764706
15.58374637590504,0.8400529411764706,0.37068529411764706
15.58374637590504,0.8400529411764706,0.37068529411764706
15.58374637590504,0.8400529411764706,0.37068529411764706
15.58374637590504,0.8400529411764706,0.37068529411764706
16.098574639977524,0.7370941176470587,0.3694994117647059
16.098574639977524,0.7370941176470587,0.3694994117647059
16.098574639977524,0.7370941176470587,0.3694994117647059
16.098574639977524,0.7370941176470587,0.3694994117647059
16.098574639977524,0.7370941176470587,0.3694994117647059
16.61340290405001,0.634135294117647,0.3683135294117647
16.61340290405001,0.634135294117647,0.3683135294117647
16.61340290405001,0.634135294117647,0.3683135294117647
16.61340290405001,0.634135294117647,0.3683135294117647
16.61340290405001,0.634135294117647,0.3683135294117647
17.128231168122493,0.5311764705882354,0.36712764705882356
17.128231168122493,0.5311764705882354,0.36712764705882356
17.128231168122493,0.5311764705882354,0.36712764705882356
17.128231168122493,0.5311764705882354,0.36712764705882356
17.128231168122493,0.5311764705882354,0.36712764705882356
17.643059432194978,0.4282176470588235,0.36594176470588236
17.643059432194978,0.4282176470588235,0.36594176470588236
17.643059432194978,0.4282176470588235,0.36594176470588236
17.643059432194978,0.4282176470588235,0.36594176470588236
17.643059432194978,0.4282176470588235,0.36594176470588236
18.157887696267462,0.3252588235294118,0.3647558823529412
18.157887696267462,0.3252588235294118,0.3647558823529412
18.157887696267462,0.3252588235294118,0.3647558823529412
18.157887696267462,0.3252588235294118,0.3647558823529412
18.157887696267462,0.3252588235294118,0.3647558823529412
18.672715960339946,0.22229999999999994,0.36357
18.672715960339946,0.22229999999999994,0.36357
18.672715960339946,0.22229999999999994,0.36357
18.672715960339946,0.22229999999999994,0.36357
18.672715960339946,0.22229999999999994,0.36357
19.153881101559673,0.25015,0.455685
19.153881101559673,0.25015,0.455685
19.153881101559673,0.25015,0.455685
19.153881101559673,0.25015,0.455685
19.153881101559673,0.25015,0.455685
19.6350462427794,0.278,0.5478
19.6350462427794,0.278,0.5478
19.6350462427794,0.278,0.5478
19.6350462427794,0.278,0.5478
19.6350462427794,0.278,0.5478
20.164738521518906,0.38393750000000004,0.5482499999999999
20.164738521518906,0.38393750000000004,0.5482499999999999
20.164738521518906,0.38393750000000004,0.5482499999999999
20.164738521518906,0.38393750000000004,0.5482499999999999
20.164738521518906,0.38393750000000004,0.5482499999999999
20.694430800258413,0.48987500000000006,0.5487
20.694430800258413,0.48987500000000006,0.5487
20.694430800258413,0.48987500000000006,0.5487
20.694430800258413,0.48987500000000006,0.5487
20.694430800258413,0.48987500000000006,0.5487
21.22412307899792,0.5958125000000001,0.54915
21.22412307899792,0.5958125000000001,0.54915
21.22412307899792,0.5958125000000001,0.54915
21.22412307899792,0.5958125000000001,0.54915
21.22412307899792,0.5958125000000001,0.54915
21.753815357737427,0.7017500000000001,0.5496
21.753815357737427,0.7017500000000001,0.5496
21.753815357737427,0.7017500000000001,0.5496
21.753815357737427,0.7017500000000001,0.5496
21.753815357737427,0.7017500000000001,0.5496
22.283507636476934,0.8076875,0.5500499999999999
22.283507636476934,0.8076875,0.5500499999999999
22.283507636476934,0.8076875,0.5500499999999999
22.283507636476934,0.8076875,0.5500499999999999
22.283507636476934,0.8076875,0.5500499999999999
22.81319991521644,0.913625,0.5505
22.81319991521644,0.913625,0.5505
22.81319991521644,0.913625,0.5505
22.81319991521644,0.913625,0.5505
22.81319991521644,0.913625,0.5505
23.342892193955947,1.0195625000000001,0.55095
23.342892193955947,1.0195625000000001,0.55095
23.342892193955947,1.0195625000000001,0.55095
23.342892193955947,1.0195625000000001,0.55095
23.342892193955947,1.0195625000000001,0.55095
23.872584472695454,1.1255000000000002,0.5514
23.872584472695454,1.1255000000000002,0.5514
23.872584472695454,1.1255000000000002,0.5514
23.872584472695454,1.1255000000000002,0.5514
23.872584472695454,1.1255000000000002,0.5514
24.40227675143496,1.2314375000000002,0.55185
24.40227675143496,1.2314375000000002,0.55185
24.40227675143496,1.2314375000000002,0.55185
24.40227675143496,1.2314375000000002,0.55185
24.40227675143496,1.2314375000000002,0.55185
24.931969030174468,1.337375,0.5523
24.931969030174468,1.337375,0.5523
24.931969030174468,1.337375,0.5523
24.931969030174468,1.337375,0.5523
24.931969030174468,1.337375,0.5523
25.461661308913975,1.4433125,0.5527500000000001
25.461661308913975,1.4433125,0.5527500000000001
25.461661308913975,1.4433125,0.5527500000000001
25.461661308913975,1.4433125,0.5527500000000001
25.461661308913975,1.4433125,0.5527500000000001
25.99135358765348,1.54925,0.5532
25.99135358765348,1.54925,0.5532
25.99135358765348,1.54925,0.5532
25.99135358765348,1.54925,0.5532
25.99135358765348,1.54925,0.5532
26.52104586639299,1.6551875,0.55365
26.52104586639299,1.6551875,0.55365
26.52104586639299,1.6551875,0.55365
26.52104586639299,1.6551875,0.55365
26.52104586639299,1.6551875,0.55365
27.050738145132495,1.761125,0.5541
27.050738145132495,1.761125,0.5541
27.050738145132495,1.761125,0.5541
27.050738145132495,1.761125,0.5541
27.050738145132495,1.761125,0.5541
27.580430423872002,1.8670625,0.5545500000000001
27.580430423872002,1.8670625,0.5545500000000001
27.580430423872002,1.8670625,0.5545500000000001
27.580430423872002,1.8670625,0.5545500000000001
27.580430423872002,1.8670625,0.5545500000000001
28.11012270261151,1.973,0.555
28.11012270261151,1.973,0.555
28.11012270261151,1.973,0.555
28.11012270261151,1.973,0.555
28.11012270261151,1.973,0.555
28.53207352913043,1.9583,0.6381
28.53207352913043,1.9583,0.6381
28.53207352913043,1.9583,0.6381
28.53207352913043,1.9583,0.6381
28.53207352913043,1.9583,0.6381
28.95402435564935,1.9436,0.7212
28.95402435564935,1.9436,0.7212
28.95402435564935,1.9436,0.7212
28.95402435564935,1.9436,0.7212
28.95402435564935,1.9436,0.7212
29.459762396584953,1.8424555555555555,0.722
29.459762396584953,1.8424555555555555,0.722
29.459762396584953,1.8424555555555555,0.722
29.459762396584953,1.8424555555555555,0.722
29.459762396584953,1.8424555555555555,0.722
29.965500437520557,1.741311111111111,0.7228
29.965500437520557,1.741311111111111,0.7228
29.965500437520557,1.741311111111111,0.7228
29.965500437520557,1.741311111111111,0.7228
29.965500437520557,1.741311111111111,0.7228
30.47123847845616,1.6401666666666666,0.7236
30.47123847845616,1.6401666666666666,0.7236
30.47123847845616,1.6401666666666666,0.7236
30.47123847845616,1.6401666666666666,0.7236
30.47123847845616,1.6401666666666666,0.7236
30.976976519391766,1.5390222222222223,0.7243999999999999
30.976976519391766,1.5390222222222223,0.7243999999999999
30.976976519391766,1.5390222222222223,0.7243999999999999
30.976976519391766,1.5390222222222223,0.7243999999999999
30.976976519391766,1.5390222222222223,0.7243999999999999
31.48271456032737,1.4378777777777776,0.7252
31.48271456032737,1.4378777777777776,0.7252
31.48271456032737,1.4378777777777776,0.7252
31.48271456032737,1.4378777777777776,0.7252
31.48271456032737,1.4378777777777776,0.7252
31.988452601262974,1.3367333333333333,0.726
31.988452601262974,1.3367333333333333,0.726
31.988452601262974,1.3367333333333333,0.726
31.988452601262974,1.3367333333333333,0.726
31.988452601262974,1.3367333333333333,0.726
32.494190642198575,1.2355888888888888,0.7268
32.494190642198575,1.2355888888888888,0.7268
32.494190642198575,1.2355888888888888,0.7268
32.494190642198575,1.2355888888888888,0.7268
32.494190642198575,1.2355888888888888,0.7268
32.99992868313418,1.1344444444444446,0.7276
32.99992868313418,1.1344444444444446,0.7276
32.99992868313418,1.1344444444444446,0.7276
32.99992868313418,1.1344444444444446,0.7276
32.99992868313418,1.1344444444444446,0.7276
33.50566672406978,1.0333,0.7283999999999999
33.50566672406978,1.0333,0.7283999999999999
33.50566672406978,1.0333,0.7283999999999999
33.50566672406978,1.0333,0.7283999999999999
33.50566672406978,1.0333,0.7283999999999999
34.01140476500539,0.9321555555555554,0.7292
34.01140476500539,0.9321555555555554,0.7292
34.01140476500539,0.9321555555555554,0.7292
34.01140476500539,0.9321555555555554,0.7292
34.01140476500539,0.9321555555555554,0.7292
34.51714280594099,0.8310111111111109,0.73
34.51714280594099,0.8310111111111109,0.73
34.51714280594099,0.8310111111111109,0.73
34.51714280594099,0.8310111111111109,0.73
34.51714280594099,0.8310111111111109,0.73
35.022880846876596,0.7298666666666667,0.7308
35.022880846876596,0.7298666666666667,0.7308
35.022880846876596,0.7298666666666667,0.7308
35.022880846876596,0.7298666666666667,0.7308
35.022880846876596,0.7298666666666667,0.7308
35.5286188878122,0.6287222222222222,0.7316
35.5286188878122,0.6287222222222222,0.7316
35.5286188878122,0.6287222222222222,0.7316
35.5286188878122,0.6287222222222222,0.7316
35.5286188878122,0.6287222222222222,0.7316
36.034356928747805,0.5275777777777777,0.7324
36.034356928747805,0.5275777777777777,0.7324
36.034356928747805,0.5275777777777777,0.7324
36.034356928747805,0.5275777777777777,0.7324
36.034356928747805,0.5275777777777777,0.7324
36.54009496968341,0.4264333333333332,0.7332000000000001
36.54009496968341,0.4264333333333332,0.7332000000000001
36.54009496968341,0.4264333333333332,0.7332000000000001
36.54009496968341,0.4264333333333332,0.7332000000000001
36.54009496968341,0.4264333333333332,0.7332000000000001
37.04583301061901,0.32528888888888896,0.734
37.04583301061901,0.32528888888888896,0.734
37.04583301061901,0.32528888888888896,0.734
37.04583301061901,0.32528888888888896,0.734
37.04583301061901,0.32528888888888896,0.734
37.55157105155462,0.22414444444444448,0.7348
37.55157105155462,0.22414444444444448,0.7348
37.55157105155462,0.22414444444444448,0.7348
37.55157105155462,0.22414444444444448,0.7348
37.55157105155462,0.22414444444444448,0.7348
38.05730909249022,0.123,0.7356
38.05730909249022,0.123,0.7356
38.05730909249022,0.123,0.7356
38.05730909249022,0.123,0.7356
38.05730909249022,0.123,0.7356
38.55308978997652,0.1325,0.8343
38.55308978997652,0.1325,0.8343
38.55308978997652,0.1325,0.8343
38.55308978997652,0.1325,0.8343
38.55308978997652,0.1325,0.8343
39.048870487462814,0.142,0.933
39.048870487462814,0.142,0.933
39.048870487462814,0.142,0.933
39.048870487462814,0.142,0.933
39.048870487462814,0.142,0.933
39.57616570509691,0.24744117647058822,0.9349411764705883
39.57616570509691,0.24744117647058822,0.9349411764705883
39.57616570509691,0.24744117647058822,0.9349411764705883
39.57616570509691,0.24744117647058822,0.9349411764705883
39.57616570509691,0.24744117647058822,0.9349411764705883
40.10346092273101,0.3528823529411765,0.9368823529411765
40.10346092273101,0.3528823529411765,0.9368823529411765
40.10346092273101,0.3528823529411765,0.9368823529411765
40.10346092273101,0.3528823529411765,0.9368823529411765
40.10346092273101,0.3528823529411765,0.9368823529411765
40.63075614036511,0.4583235294117648,0.9388235294117647
40.63075614036511,0.4583235294117648,0.9388235294117647
40.63075614036511,0.4583235294117648,0.9388235294117647
40.63075614036511,0.4583235294117648,0.9388235294117647
40.63075614036511,0.4583235294117648,0.9388235294117647
41.158051357999206,0.563764705882353,0.940764705882353
41.158051357999206,0.563764705882353,0.940764705882353
41.158051357999206,0.563764705882353,0.940764705882353
41.158051357999206,0.563764705882353,0.940764705882353
41.158051357999206,0.563764705882353,0.940764705882353
41.685346575633304,0.6692058823529413,0.9427058823529412
41.685346575633304,0.6692058823529413,0.9427058823529412
41.685346575633304,0.6692058823529413,0.9427058823529412
41.685346575633304,0.6692058823529413,0.9427058823529412
41.685346575633304,0.6692058823529413,0.9427058823529412
42.2126417932674,0.7746470588235296,0.9446470588235294
42.2126417932674,0.7746470588235296,0.9446470588235294
42.2126417932674,0.7746470588235296,0.9446470588235294
42.2126417932674,0.7746470588235296,0.9446470588235294
42.2126417932674,0.7746470588235296,0.9446470588235294
42.7399370109015,0.8800882352941177,0.9465882352941176
42.7399370109015,0.8800882352941177,0.9465882352941176
42.7399370109015,0.8800882352941177,0.9465882352941176
42.7399370109015,0.8800882352941177,0.9465882352941176
42.7399370109015,0.8800882352941177,0.9465882352941176
43.2672322285356,0.985529411764706,0.9485294117647058
43.2672322285356,0.985529411764706,0.9485294117647058
43.2672322285356,0.985529411764706,0.9485294117647058
43.2672322285356,0.985529411764706,0.9485294117647058
43.2672322285356,0.985529411764706,0.9485294117647058
43.794527446169695,1.0909705882352942,0.9504705882352942
43.794527446169695,1.0909705882352942,0.9504705882352942
43.794527446169695,1.0909705882352942,0.9504705882352942
43.794527446169695,1.0909705882352942,0.9504705882352942
43.794527446169695,1.0909705882352942,0.9504705882352942
44.32182266380379,1.1964117647058825,0.9524117647058824
44.32182266380379,1.1964117647058825,0.9524117647058824
44.32182266380379,1.1964117647058825,0.9524117647058824
44.32182266380379,1.1964117647058825,0.9524117647058824
44.32182266380379,1.1964117647058825,0.9524117647058824
44.84911788143789,1.3018529411764708,0.9543529411764706
44.84911788143789,1.3018529411764708,0.9543529411764706
44.84911788143789,1.3018529411764708,0.9543529411764706
44.84911788143789,1.3018529411764708,0.9543529411764706
44.84911788143789,1.3018529411764708,0.9543529411764706
45.37641309907199,1.407294117647059,0.9562941176470589
45.37641309907199,1.407294117647059,0.9562941176470589
45.37641309907199,1.407294117647059,0.9562941176470589
45.37641309907199,1.407294117647059,0.9562941176470589
45.37641309907199,1.407294117647059,0.9562941176470589
45.90370831670609,1.512735294117647,0.9582352941176471
45.90370831670609,1.512735294117647,0.9582352941176471
45.90370831670609,1.512735294117647,0.9582352941176471
45.90370831670609,1.512735294117647,0.9582352941176471
45.90370831670609,1.512735294117647,0.9582352941176471
46.431003534340185,1.6181764705882353,0.9601764705882353
46.431003534340185,1.6181764705882353,0.9601764705882353
46.431003534340185,1.6181764705882353,0.9601764705882353
46.431003534340185,1.6181764705882353,0.9601764705882353
46.431003534340185,1.6181764705882353,0.9601764705882353
46.95829875197428,1.7236176470588236,0.9621176470588235
46.95829875197428,1.7236176470588236,0.9621176470588235
46.95829875197428,1.7236176470588236,0.9621176470588235
46.95829875197428,1.7236176470588236,0.9621176470588235
46.95829875197428,1.7236176470588236,0.9621176470588235
47.48559396960838,1.8290588235294118,0.9640588235294117
47.48559396960838,1.8290588235294118,0.9640588235294117
47.48559396960838,1.8290588235294118,0.9640588235294117
47.48559396960838,1.8290588235294118,0.9640588235294117
47.48559396960838,1.8290588235294118,0.9640588235294117
48.01288918724248,1.9345,0.966
48.01288918724248,1.9345,0.966
48.01288918724248,1.9345,0.966
48.01288918724248,1.9345,0.966
48.01288918724248,1.9345,0.966
48.41355925101066,1.9506000000000001,1.0445
48.41355925101066,1.9506000000000001,1.0445
48.41355925101066,1.9506000000000001,1.0445
48.41355925101066,1.9506000000000001,1.0445
48.41355925101066,1.9506000000000001,1.0445
48.81422931477884,1.9667,1.123
48.81422931477884,1.9667,1.123
48.81422931477884,1.9667,1.123
48.81422931477884,1.9667,1.123
48.81422931477884,1.9667,1.123
49.32305718708265,1.8649529411764705,1.1249411764705883
49.32305718708265,1.8649529411764705,1.1249411764705883
49.32305718708265,1.8649529411764705,1.1249411764705883
49.32305718708265,1.8649529411764705,1.1249411764705883
49.32305718708265,1.8649529411764705,1.1249411764705883
49.83188505938645,1.763205882352941,1.1268823529411764
49.83188505938645,1.763205882352941,1.1268823529411764
49.83188505938645,1.763205882352941,1.1268823529411764
49.83188505938645,1.763205882352941,1.1268823529411764
49.83188505938645,1.763205882352941,1.1268823529411764
50.340712931690256,1.6614588235294117,1.1288235294117648
50.340712931690256,1.6614588235294117,1.1288235294117648
50.340712931690256,1.6614588235294117,1.1288235294117648
50.340712931690256,1.6614588235294117,1.1288235294117648
50.340712931690256,1.6614588235294117,1.1288235294117648
50.84954080399406,1.5597117647058822,1.130764705882353
50.84954080399406,1.5597117647058822,1.130764705882353
50.84954080399406,1.5597117647058822,1.130764705882353
50.84954080399406,1.5597117647058822,1.130764705882353
50.84954080399406,1.5597117647058822,1.130764705882353
51.358368676297864,1.4579647058823528,1.1327058823529412
51.358368676297864,1.4579647058823528,1.1327058823529412
51.358368676297864,1.4579647058823528,1.1327058823529412
51.358368676297864,1.4579647058823528,1.1327058823529412
51.358368676297864,1.4579647058823528,1.1327058823529412
51.86719654860167,1.3562176470588234,1.1346470588235293
51.86719654860167,1.3562176470588234,1.1346470588235293
51.86719654860167,1.3562176470588234,1.1346470588235293
51.86719654860167,1.3562176470588234,1.1346470588235293
51.86719654860167,1.3562176470588234,1.1346470588235293
52.37602442090547,1.2544705882352942,1.1365882352941177
52.37602442090547,1.2544705882352942,1.1365882352941177
52.37602442090547,1.2544705882352942,1.1365882352941177
52.37602442090547,1.2544705882352942,1.1365882352941177
52.37602442090547,1.2544705882352942,1.1365882352941177
52.88485229320928,1.1527235294117646,1.1385294117647058
52.88485229320928,1.1527235294117646,1.1385294117647058
52.88485229320928,1.1527235294117646,1.1385294117647058
52.88485229320928,1.1527235294117646,1.1385294117647058
52.88485229320928,1.1527235294117646,1.1385294117647058
53.39368016551308,1.0509764705882354,1.1404705882352941
53.39368016551308,1.0509764705882354,1.1404705882352941
53.39368016551308,1.0509764705882354,1.1404705882352941
53.39368016551308,1.0509764705882354,1.1404705882352941
53.39368016551308,1.0509764705882354,1.1404705882352941
53.90250803781689,0.9492294117647058,1.1424117647058822
53.90250803781689,0.9492294117647058,1.1424117647058822
53.90250803781689,0.9492294117647058,1.1424117647058822
53.90250803781689,0.9492294117647058,1.1424117647058822
53.90250803781689,0.9492294117647058,1.1424117647058822
54.41133591012069,0.8474823529411764,1.1443529411764706
54.41133591012069,0.8474823529411764,1.1443529411764706
54.41133591012069,0.8474823529411764,1.1443529411764706
54.41133591012069,0.8474823529411764,1.1443529411764706
54.41133591012069,0.8474823529411764,1.1443529411764706
54.920163782424495,0.7457352941176469,1.1462941176470587
54.920163782424495,0.7457352941176469,1.1462941176470587
54.920163782424495,0.7457352941176469,1.1462941176470587
54.920163782424495,0.7457352941176469,1.1462941176470587
54.920163782424495,0.7457352941176469,1.1462941176470587
55.4289916547283,0.6439882352941178,1.148235294117647
55.4289916547283,0.6439882352941178,1.148235294117647
55.4289916547283,0.6439882352941178,1.148235294117647
55.4289916547283,0.6439882352941178,1.148235294117647
55.4289916547283,0.6439882352941178,1.148235294117647
55.937819527032104,0.5422411764705883,1.1501764705882351
55.937819527032104,0.5422411764705883,1.1501764705882351
55.937819527032104,0.5422411764705883,1.1501764705882351
55.937819527032104,0.5422411764705883,1.1501764705882351
55.937819527032104,0.5422411764705883,1.1501764705882351
56.44664739933591,0.4404941176470589,1.1521176470588235
56.44664739933591,0.4404941176470589,1.1521176470588235
56.44664739933591,0.4404941176470589,1.1521176470588235
56.44664739933591,0.4404941176470589,1.1521176470588235
56.44664739933591,0.4404941176470589,1.1521176470588235
56.95547527163971,0.3387470588235295,1.1540588235294116
56.95547527163971,0.3387470588235295,1.1540588235294116
56.95547527163971,0.3387470588235295,1.1540588235294116
56.95547527163971,0.3387470588235295,1.1540588235294116
56.95547527163971,0.3387470588235295,1.1540588235294116
57.46430314394352,0.2370000000000001,1.156
57.46430314394352,0.2370000000000001,1.156
57.46430314394352,0.2370000000000001,1.156
57.46430314394352,0.2370000000000001,1.156
57.46430314394352,0.2370000000000001,1.156
57.81224351239766,0.2165,1.2225
57.81224351239766,0.2165,1.2225
57.81224351239766,0.2165,1.2225
57.81224351239766,0.2165,1.2225
57.81224351239766,0.2165,1.2225
58.1601838808518,0.196,1.289
58.1601838808518,0.196,1.289
58.1601838808518,0.196,1.289
58.1601838808518,0.196,1.289
58.1601838808518,0.196,1.289
58.671251167641216,0.29821176470588234,1.2895882352941175
58.671251167641216,0.29821176470588234,1.2895882352941175
58.671251167641216,0.29821176470588234,1.2895882352941175
58.671251167641216,0.29821176470588234,1.2895882352941175
58.671251167641216,0.29821176470588234,1.2895882352941175
59.182318454430636,0.40042352941176473,1.2901764705882353
59.182318454430636,0.40042352941176473,1.2901764705882353
59.182318454430636,0.40042352941176473,1.2901764705882353
59.182318454430636,0.40042352941176473,1.2901764705882353
59.182318454430636,0.40042352941176473,1.2901764705882353
59.693385741220055,0.5026352941176471,1.2907647058823528
59.693385741220055,0.5026352941176471,1.2907647058823528
59.693385741220055,0.5026352941176471,1.2907647058823528
59.693385741220055,0.5026352941176471,1.2907647058823528
59.693385741220055,0.5026352941176471,1.2907647058823528
60.204453028009475,0.6048470588235294,1.2913529411764706
60.204453028009475,0.6048470588235294,1.2913529411764706
60.204453028009475,0.6048470588235294,1.2913529411764706
60.204453028009475,0.6048470588235294,1.2913529411764706
60.204453028009475,0.6048470588235294,1.2913529411764706
60.715520314798894,0.7070588235294117,1.2919411764705881
60.715520314798894,0.7070588235294117,1.2919411764705881
60.715520314798894,0.7070588235294117,1.2919411764705881
60.715520314798894,0.7070588235294117,1.2919411764705881
60.715520314798894,0.7070588235294117,1.2919411764705881
61.226587601588314,0.8092705882352942,1.2925294117647057
61.226587601588314,0.8092705882352942,1.2925294117647057
61.226587601588314,0.8092705882352942,1.2925294117647057
61.226587601588314,0.8092705882352942,1.2925294117647057
61.226587601588314,0.8092705882352942,1.2925294117647057
61.73765488837773,0.9114823529411764,1.2931176470588235
61.73765488837773,0.9114823529411764,1.2931176470588235
61.73765488837773,0.9114823529411764,1.2931176470588235
61.73765488837773,0.9114823529411764,1.2931176470588235
61.73765488837773,0.9114823529411764,1.2931176470588235
62.24872217516715,1.0136941176470589,1.293705882352941
62.24872217516715,1.0136941176470589,1.293705882352941
62.24872217516715,1.0136941176470589,1.293705882352941
62.24872217516715,1.0136941176470589,1.293705882352941
62.24872217516715,1.0136941176470589,1.293705882352941
62.75978946195657,1.1159058823529413,1.2942941176470588
62.75978946195657,1.1159058823529413,1.2942941176470588
62.75978946195657,1.1159058823529413,1.2942941176470588
62.75978946195657,1.1159058823529413,1.2942941176470588
62.75978946195657,1.1159058823529413,1.2942941176470588
63.27085674874599,1.2181176470588235,1.2948823529411764
63.27085674874599,1.2181176470588235,1.2948823529411764
63.27085674874599,1.2181176470588235,1.2948823529411764
63.27085674874599,1.2181176470588235,1.2948823529411764
63.27085674874599,1.2181176470588235,1.2948823529411764
63.78192403553541,1.320329411764706,1.2954705882352942
63.78192403553541,1.320329411764706,1.2954705882352942
63.78192403553541,1.320329411764706,1.2954705882352942
63.78192403553541,1.320329411764706,1.2954705882352942
63.78192403553541,1.320329411764706,1.2954705882352942
64.29299132232482,1.4225411764705882,1.2960588235294117
64.29299132232482,1.4225411764705882,1.2960588235294117
64.29299132232482,1.4225411764705882,1.2960588235294117
64.29299132232482,1.4225411764705882,1.2960588235294117
64.29299132232482,1.4225411764705882,1.2960588235294117
64.80405860911424,1.5247529411764704,1.2966470588235293
64.80405860911424,1.5247529411764704,1.2966470588235293
64.80405860911424,1.5247529411764704,1.2966470588235293
64.80405860911424,1.5247529411764704,1.2966470588235293
64.80405860911424,1.5247529411764704,1.2966470588235293
65.31512589590365,1.6269647058823529,1.297235294117647
65.31512589590365,1.6269647058823529,1.297235294117647
65.31512589590365,1.6269647058823529,1.297235294117647
65.31512589590365,1.6269647058823529,1.297235294117647
65.31512589590365,1.6269647058823529,1.297235294117647
65.82619318269306,1.7291764705882353,1.2978235294117646
65.82619318269306,1.7291764705882353,1.2978235294117646
65.82619318269306,1.7291764705882353,1.2978235294117646
65.82619318269306,1.7291764705882353,1.2978235294117646
65.82619318269306,1.7291764705882353,1.2978235294117646
66.33726046948247,1.8313882352941175,1.2984117647058824
66.33726046948247,1.8313882352941175,1.2984117647058824
66.33726046948247,1.8313882352941175,1.2984117647058824
66.33726046948247,1.8313882352941175,1.2984117647058824
66.33726046948247,1.8313882352941175,1.2984117647058824
66.84832775627189,1.9336,1.299
66.84832775627189,1.9336,1.299
66.84832775627189,1.9336,1.299
66.84832775627189,1.9336,1.299
66.84832775627189,1.9336,1.299
67.5464619213863,1.93955,1.4385
67.5464619213863,1.93955,1.4385
67.5464619213863,1.93955,1.4385
67.5464619213863,1.93955,1.4385
67.5464619213863,1.93955,1.4385
68.2445960865007,1.9455,1.578
68.2445960865007,1.9455,1.578
68.2445960865007,1.9455,1.578
68.2445960865007,1.9455,1.578
68.2445960865007,1.9455,1.578
68.74797852536581,1.8448235294117648,1.5779411764705884
68.74797852536581,1.8448235294117648,1.5779411764705884
68.74797852536581,1.8448235294117648,1.5779411764705884
68.74797852536581,1.8448235294117648,1.5779411764705884
68.74797852536581,1.8448235294117648,1.5779411764705884
69.25136096423091,1.7441470588235295,1.5778823529411765
69.25136096423091,1.7441470588235295,1.5778823529411765
69.25136096423091,1.7441470588235295,1.5778823529411765
69.25136096423091,1.7441470588235295,1.5778823529411765
69.25136096423091,1.7441470588235295,1.5778823529411765
69.75474340309601,1.643470588235294,1.5778235294117648
69.75474340309601,1.643470588235294,1.5778235294117648
69.75474340309601,1.643470588235294,1.5778235294117648
69.75474340309601,1.643470588235294,1.5778235294117648
69.75474340309601,1.643470588235294,1.5778235294117648
70.25812584196112,1.5427941176470588,1.577764705882353
70.25812584196112,1.5427941176470588,1.577764705882353
70.25812584196112,1.5427941176470588,1.577764705882353
70.25812584196112,1.5427941176470588,1.577764705882353
70.25812584196112,1.5427941176470588,1.577764705882353
70.76150828082622,1.4421176470588235,1.5777058823529413
70.76150828082622,1.4421176470588235,1.5777058823529413
70.76150828082622,1.4421176470588235,1.5777058823529413
70.76150828082622,1.4421176470588235,1.5777058823529413
70.76150828082622,1.4421176470588235,1.5777058823529413
71.26489071969132,1.3414411764705882,1.5776470588235294
71.26489071969132,1.3414411764705882,1.5776470588235294
71.26489071969132,1.3414411764705882,1.5776470588235294
71.26489071969132,1.3414411764705882,1.5776470588235294
71.26489071969132,1.3414411764705882,1.5776470588235294
71.76827315855643,1.240764705882353,1.5775882352941177
71.76827315855643,1.240764705882353,1.5775882352941177
71.76827315855643,1.240764705882353,1.5775882352941177
71.76827315855643,1.240764705882353,1.5775882352941177
71.76827315855643,1.240764705882353,1.5775882352941177
72.27165559742153,1.1400882352941175,1.5775294117647058
72.27165559742153,1.1400882352941175,1.5775294117647058
72.27165559742153,1.1400882352941175,1.5775294117647058
72.27165559742153,1.1400882352941175,1.5775294117647058
72.27165559742153,1.1400882352941175,1.5775294117647058
72.77503803628663,1.0394117647058825,1.5774705882352942
72.77503803628663,1.0394117647058825,1.5774705882352942
72.77503803628663,1.0394117647058825,1.5774705882352942
72.77503803628663,1.0394117647058825,1.5774705882352942
72.77503803628663,1.0394117647058825,1.5774705882352942
73.27842047515173,0.938735294117647,1.5774117647058823
73.27842047515173,0.938735294117647,1.5774117647058823
73.27842047515173,0.938735294117647,1.5774117647058823
73.27842047515173,0.938735294117647,1.5774117647058823
73.27842047515173,0.938735294117647,1.5774117647058823
73.78180291401684,0.8380588235294117,1.5773529411764706
73.78180291401684,0.8380588235294117,1.5773529411764706
73.78180291401684,0.8380588235294117,1.5773529411764706
73.78180291401684,0.8380588235294117,1.5773529411764706
73.78180291401684,0.8380588235294117,1.5773529411764706
74.28518535288194,0.7373823529411765,1.5772941176470587
74.28518535288194,0.7373823529411765,1.5772941176470587
74.28518535288194,0.7373823529411765,1.5772941176470587
74.28518535288194,0.7373823529411765,1.5772941176470587
74.28518535288194,0.7373823529411765,1.5772941176470587
74.78856779174704,0.6367058823529412,1.577235294117647
74.78856779174704,0.6367058823529412,1.577235294117647
74.78856779174704,0.6367058823529412,1.577235294117647
74.78856779174704,0.6367058823529412,1.577235294117647
74.78856779174704,0.6367058823529412,1.577235294117647
75.29195023061214,0.536029411764706,1.5771764705882352
75.29195023061214,0.536029411764706,1.5771764705882352
75.29195023061214,0.536029411764706,1.5771764705882352
75.29195023061214,0.536029411764706,1.5771764705882352
75.29195023061214,0.536029411764706,1.5771764705882352
75.79533266947725,0.4353529411764707,1.5771176470588235
75.79533266947725,0.4353529411764707,1.5771176470588235
75.79533266947725,0.4353529411764707,1.5771176470588235
75.79533266947725,0.4353529411764707,1.5771176470588235
75.79533266947725,0.4353529411764707,1.5771176470588235
76.29871510834235,0.33467647058823524,1.5770588235294116
76.29871510834235,0.33467647058823524,1.5770588235294116
76.29871510834235,0.33467647058823524,1.5770588235294116
76.29871510834235,0.33467647058823524,1.5770588235294116
76.29871510834235,0.33467647058823524,1.5770588235294116
76.80209754720745,0.23399999999999999,1.577
76.80209754720745,0.23399999999999999,1.577
76.80209754720745,0.23399999999999999,1.577
76.80209754720745,0.23399999999999999,1.577
76.80209754720745,0.23399999999999999,1.577
77.05614675503932,0.235,1.6278000000000001
77.05614675503932,0.235,1.6278000000000001
77.05614675503932,0.235,1.6278000000000001
77.05614675503932,0.235,1.6278000000000001
77.05614675503932,0.235,1.6278000000000001
77.31019596287119,0.236,1.6786
77.31019596287119,0.236,1.6786
77.31019596287119,0.236,1.6786
77.31019596287119,0.236,1.6786
77.31019596287119,0.236,1.6786
77.81243354110619,0.33644705882352943,1.6782970588235295
77.81243354110619,0.33644705882352943,1.6782970588235295
77.81243354110619,0.33644705882352943,1.6782970588235295
77.81243354110619,0.33644705882352943,1.6782970588235295
77.81243354110619,0.33644705882352943,1.6782970588235295
78.31467111934118,0.4368941176470588,1.677994117647059
78.31467111934118,0.4368941176470588,1.677994117647059
78.31467111934118,0.4368941176470588,1.677994117647059
78.31467111934118,0.4368941176470588,1.677994117647059
78.31467111934118,0.4368941176470588,1.677994117647059
78.81690869757618,0.5373411764705882,1.6776911764705884
78.81690869757618,0.5373411764705882,1.6776911764705884
78.81690869757618,0.5373411764705882,1.6776911764705884
78.81690869757618,0.5373411764705882,1.6776911764705884
78.81690869757618,0.5373411764705882,1.6776911764705884
79.31914627581118,0.6377882352941177,1.6773882352941178
79.31914627581118,0.6377882352941177,1.6773882352941178
79.31914627581118,0.6377882352941177,1.6773882352941178
79.31914627581118,0.6377882352941177,1.6773882352941178
79.31914627581118,0.6377882352941177,1.6773882352941178
79.82138385404618,0.7382352941176471,1.677085294117647
79.82138385404618,0.7382352941176471,1.677085294117647
79.82138385404618,0.7382352941176471,1.677085294117647
79.82138385404618,0.7382352941176471,1.677085294117647
79.82138385404618,0.7382352941176471,1.677085294117647
80.32362143228117,0.8386823529411765,1.6767823529411765
80.32362143228117,0.8386823529411765,1.6767823529411765
80.32362143228117,0.8386823529411765,1.6767823529411765
80.32362143228117,0.8386823529411765,1.6767823529411765
80.32362143228117,0.8386823529411765,1.6767823529411765
80.82585901051617,0.9391294117647059,1.676479411764706
80.82585901051617,0.9391294117647059,1.676479411764706
80.82585901051617,0.9391294117647059,1.676479411764706
80.82585901051617,0.9391294117647059,1.676479411764706
80.82585901051617,0.9391294117647059,1.676479411764706
81.32809658875117,1.0395764705882353,1.6761764705882354
81.32809658875117,1.0395764705882353,1.6761764705882354
81.32809658875117,1.0395764705882353,1.6761764705882354
81.32809658875117,1.0395764705882353,1.6761764705882354
81.32809658875117,1.0395764705882353,1.6761764705882354
81.83033416698616,1.1400235294117647,1.6758735294117648
81.83033416698616,1.1400235294117647,1.6758735294117648
81.83033416698616,1.1400235294117647,1.6758735294117648
81.83033416698616,1.1400235294117647,1.6758735294117648
81.83033416698616,1.1400235294117647,1.6758735294117648
82.33257174522116,1.2404705882352942,1.6755705882352943
82.33257174522116,1.2404705882352942,1.6755705882352943
82.33257174522116,1.2404705882352942,1.6755705882352943
82.33257174522116,1.2404705882352942,1.6755705882352943
82.33257174522116,1.2404705882352942,1.6755705882352943
82.83480932345616,1.3409176470588235,1.6752676470588237
82.83480932345616,1.3409176470588235,1.6752676470588237
82.83480932345616,1.3409176470588235,1.6752676470588237
82.83480932345616,1.3409176470588235,1.6752676470588237
82.83480932345616,1.3409176470588235,1.6752676470588237
83.33704690169115,1.441364705882353,1.6749647058823531
83.33704690169115,1.441364705882353,1.6749647058823531
83.33704690169115,1.441364705882353,1.6749647058823531
83.33704690169115,1.441364705882353,1.6749647058823531
83.33704690169115,1.441364705882353,1.6749647058823531
83.83928447992615,1.5418117647058822,1.6746617647058823
83.83928447992615,1.5418117647058822,1.6746617647058823
83.83928447992615,1.5418117647058822,1.6746617647058823
83.83928447992615,1.5418117647058822,1.6746617647058823
83.83928447992615,1.5418117647058822,1.6746617647058823
84.34152205816115,1.6422588235294118,1.6743588235294118
84.34152205816115,1.6422588235294118,1.6743588235294118
84.34152205816115,1.6422588235294118,1.6743588235294118
84.34152205816115,1.6422588235294118,1.6743588235294118
84.34152205816115,1.6422588235294118,1.6743588235294118
84.84375963639614,1.742705882352941,1.6740558823529412
84.84375963639614,1.742705882352941,1.6740558823529412
84.84375963639614,1.742705882352941,1.6740558823529412
84.84375963639614,1.742705882352941,1.6740558823529412
84.84375963639614,1.742705882352941,1.6740558823529412
85.34599721463114,1.8431529411764707,1.6737529411764707
85.34599721463114,1.8431529411764707,1.6737529411764707
85.34599721463114,1.8431529411764707,1.6737529411764707
85.34599721463114,1.8431529411764707,1.6737529411764707
85.34599721463114,1.8431529411764707,1.6737529411764707
85.84823479286614,1.9436,1.67345
85.84823479286614,1.9436,1.67345
85.84823479286614,1.9436,1.67345
85.84823479286614,1.9436,1.67345
85.84823479286614,1.9436,1.67345
86.27896544028398,1.9470999999999998,1.759525
86.27896544028398,1.9470999999999998,1.759525
86.27896544028398,1.9470999999999998,1.759525
86.27896544028398,1.9470999999999998,1.759525
86.27896544028398,1.9470999999999998,1.759525
86.70969608770183,1.9506,1.8456
86.70969608770183,1.9506,1.8456
86.70969608770183,1.9506,1.8456
86.70969608770183,1.9506,1.8456
86.70969608770183,1.9506,1.8456
87.23582162227034,1.845375,1.8454499999999998
87.23582162227034,1.845375,1.8454499999999998
87.23582162227034,1.845375,1.8454499999999998
87.23582162227034,1.845375,1.8454499999999998
87.23582162227034,1.845375,1.8454499999999998
87.76194715683884,1.7401499999999999,1.8453
87.76194715683884,1.7401499999999999,1.8453
87.76194715683884,1.7401499999999999,1.8453
87.76194715683884,1.7401499999999999,1.8453
87.76194715683884,1.7401499999999999,1.8453
88.28807269140735,1.634925,1.8451499999999998
88.28807269140735,1.634925,1.8451499999999998
88.28807269140735,1.634925,1.8451499999999998
88.28807269140735,1.634925,1.8451499999999998
88.28807269140735,1.634925,1.8451499999999998
88.81419822597586,1.5297,1.845
88.81419822597586,1.5297,1.845
88.81419822597586,1.5297,1.845
88.81419822597586,1.5297,1.845
88.81419822597586,1.5297,1.845
89.34032376054436,1.424475,1.8448499999999999
89.34032376054436,1.424475,1.8448499999999999
89.34032376054436,1.424475,1.8448499999999999
89.34032376054436,1.424475,1.8448499999999999
89.34032376054436,1.424475,1.8448499999999999
89.86644929511287,1.31925,1.8447
89.86644929511287,1.31925,1.8447
89.86644929511287,1.31925,1.8447
89.86644929511287,1.31925,1.8447
89.86644929511287,1.31925,1.8447
90.39257482968138,1.214025,1.84455
90.39257482968138,1.214025,1.84455
90.39257482968138,1.214025,1.84455
90.39257482968138,1.214025,1.84455
90.39257482968138,1.214025,1.84455
90.91870036424989,1.1088,1.8443999999999998
90.91870036424989,1.1088,1.8443999999999998
90.91870036424989,1.1088,1.8443999999999998
90.91870036424989,1.1088,1.8443999999999998
90.91870036424989,1.1088,1.8443999999999998
91.4448258988184,1.003575,1.84425
91.4448258988184,1.003575,1.84425
91.4448258988184,1.003575,1.84425
91.4448258988184,1.003575,1.84425
91.4448258988184,1.003575,1.84425
91.9709514333869,0.89835,1.8440999999999999
91.9709514333869,0.89835,1.8440999999999999
91.9709514333869,0.89835,1.8440999999999999
91.9709514333869,0.89835,1.8440999999999999
91.9709514333869,0.89835,1.8440999999999999
92.49707696795541,0.7931250000000001,1.84395
92.49707696795541,0.7931250000000001,1.84395
92.49707696795541,0.7931250000000001,1.84395
92.49707696795541,0.7931250000000001,1.84395
92.49707696795541,0.7931250000000001,1.84395
93.02320250252392,0.6879000000000002,1.8437999999999999
93.02320250252392,0.6879000000000002,1.8437999999999999
93.02320250252392,0.6879000000000002,1.8437999999999999
93.02320250252392,0.6879000000000002,1.8437999999999999
93.02320250252392,0.6879000000000002,1.8437999999999999
93.54932803709242,0.582675,1.84365
93.54932803709242,0.582675,1.84365
93.54932803709242,0.582675,1.84365
93.54932803709242,0.582675,1.84365
93.54932803709242,0.582675,1.84365
94.07545357166093,0.47745000000000015,1.8435
94.07545357166093,0.47745000000000015,1.8435
94.07545357166093,0.47745000000000015,1.8435
94.07545357166093,0.47745000000000015,1.8435
94.07545357166093,0.47745000000000015,1.8435
94.60157910622944,0.37222500000000003,1.84335
94.60157910622944,0.37222500000000003,1.84335
94.60157910622944,0.37222500000000003,1.84335
94.60157910622944,0.37222500000000003,1.84335
94.60157910622944,0.37222500000000003,1.84335
95.12770464079794,0.2670000000000001,1.8432
95.12770464079794,0.2670000000000001,1.8432
95.12770464079794,0.2670000000000001,1.8432
95.12770464079794,0.2670000000000001,1.8432
95.12770464079794,0.2670000000000001,1.8432
95.41459704223095,0.27,1.9005
95.41459704223095,0.27,1.9005
95.41459704223095,0.27,1.9005
95.41459704223095,0.27,1.9005
95.41459704223095,0.27,1.9005
95.70148944366396,0.273,1.9578
95.70148944366396,0.273,1.9578
95.70148944366396,0.273,1.9578
95.70148944366396,0.273,1.9578
95.70148944366396,0.273,1.9578
96.22027184664292,0.37675625,1.95758125
96.22027184664292,0.37675625,1.95758125
96.22027184664292,0.37675625,1.95758125
96.22027184664292,0.37675625,1.95758125
96.22027184664292,0.37675625,1.95758125
96.73905424962187,0.4805125,1.9573625
96.73905424962187,0.4805125,1.9573625
96.73905424962187,0.4805125,1.9573625
96.73905424962187,0.4805125,1.9573625
96.73905424962187,0.4805125,1.9573625
97.25783665260083,0.58426875,1.95714375
97.25783665260083,0.58426875,1.95714375
97.25783665260083,0.58426875,1.95714375
97.25783665260083,0.58426875,1.95714375
97.25783665260083,0.58426875,1.95714375
97.77661905557979,0.688025,1.956925
97.77661905557979,0.688025,1.956925
97.77661905557979,0.688025,1.956925
97.77661905557979,0.688025,1.956925
97.77661905557979,0.688025,1.956925
98.29540145855874,0.79178125,1.9567062499999999
98.29540145855874,0.79178125,1.9567062499999999
98.29540145855874,0.79178125,1.9567062499999999
98.29540145855874,0.79178125,1.9567062499999999
98.29540145855874,0.79178125,1.9567062499999999
98.8141838615377,0.8955375,1.9564875
98.8141838615377,0.8955375,1.9564875
98.8141838615377,0.8955375,1.9564875
98.8141838615377,0.8955375,1.9564875
98.8141838615377,0.8955375,1.9564875
99.33296626451666,0.99929375,1.95626875
99.33296626451666,0.99929375,1.95626875
99.33296626451666,0.99929375,1.95626875
99.33296626451666,0.99929375,1.95626875
99.33296626451666,0.99929375,1.95626875
99.85174866749561,1.10305,1.9560499999999998
99.85174866749561,1.10305,1.9560499999999998
99.85174866749561,1.10305,1.9560499999999998
99.85174866749561,1.10305,1.9560499999999998
99.85174866749561,1.10305,1.9560499999999998
100.37053107047457,1.20680625,1.95583125
100.37053107047457,1.20680625,1.95583125
100.37053107047457,1.20680625,1.95583125
100.37053107047457,1.20680625,1.95583125
100.37053107047457,1.20680625,1.95583125
100.88931347345353,1.3105625,1.9556125
100.88931347345353,1.3105625,1.9556125
100.88931347345353,1.3105625,1.9556125
100.88931347345353,1.3105625,1.9556125
100.88931347345353,1.3105625,1.9556125
101.40809587643248,1.41431875,1.95539375
101.40809587643248,1.41431875,1.95539375
101.40809587643248,1.41431875,1.95539375
101.40809587643248,1.41431875,1.95539375
101.40809587643248,1.41431875,1.95539375
101.92687827941144,1.518075,1.9551749999999999
101.92687827941144,1.518075,1.9551749999999999
101.92687827941144,1.518075,1.9551749999999999
101.92687827941144,1.518075,1.9551749999999999
101.92687827941144,1.518075,1.9551749999999999
102.4456606823904,1.62183125,1.95495625
102.4456606823904,1.62183125,1.95495625
102.4456606823904,1.62183125,1.95495625
102.4456606823904,1.62183125,1.95495625
102.4456606823904,1.62183125,1.95495625
102.96444308536935,1.7255875,1.9547375
102.96444308536935,1.7255875,1.9547375
102.96444308536935,1.7255875,1.9547375
102.96444308536935,1.7255875,1.9547375
102.96444308536935,1.7255875,1.9547375
103.48322548834831,1.82934375,1.9545187499999999
103.48322548834831,1.82934375,1.9545187499999999
103.48322548834831,1.82934375,1.9545187499999999
103.48322548834831,1.82934375,1.9545187499999999
103.48322548834831,1.82934375,1.9545187499999999
104.00200789132727,1.9331,1.9543
104.00200789132727,1.9331,1.9543
104.00200789132727,1.9331,1.9543
104.00200789132727,1.9331,1.9543
104.00200789132727,1.9331,1.9543
