x,y,theta_deg
0.0,0.0,90.0
0.0,0.0,90.0
0.0,0.0,90.0
0.0,0.0,90.0
0.0,0.0,90.0
-0.0007974522228289,0.00996815278536125,90.0
-0.0015949044456578,0.0199363055707225,90.0
-0.0020236568980126525,0.025295711225158155,90.0
-0.0028211091208415525,0.035263864010519404,90.0
-0.003618561343670453,0.04523201679588066,90.0
-0.0044160135664993525,0.05520016958124191,90.0
-0.005213465789328253,0.06516832236660317,90.0
-0.0060109180121571525,0.07513647515196441,90.0
-0.0068083702349860525,0.08510462793732565,90.0
-0.007605822457814952,0.09507278072268689,90.0
-0.00840327468064385,0.10504093350804813,90.0
-0.00920072690347275,0.11500908629340938,90.0
-0.00999817912630165,0.12497723907877063,90.0
-0.01079563134913055,0.13494539186413188,90.0
-0.01159308357195945,0.14491354464949313,90.0
-0.012390535794788354,0.15488169743485442,90.0
-0.013187988017617254,0.16484985022021567,90.0
-0.013985440240446154,0.17481800300557693,90.0
-0.014782892463275054,0.18478615579093818,90.0
-0.015580344686103956,0.19475430857629944,90.0
-0.016377796908932856,0.2047224613616607,90.0
-0.017175249131761758,0.21469061414702195,90.0
-0.017972701354590656,0.2246587669323832,90.0
-0.018770153577419558,0.23462691971774446,90.0
-0.01956760580024846,0.24459507250310572,90.0
-0.020365058023077358,0.254563225288467,90.0
-0.02116251024590626,0.26453137807382826,90.0
-0.021959962468735158,0.2744995308591895,90.0
-0.022757414691564063,0.2844676836445508,90.0
-0.02355486691439296,0.294435836429912,90.0
-0.024352319137221863,0.3044039892152733,90.0
-0.02514977136005076,0.3143721420006345,90.0
-0.025947223582879663,0.3243402947859958,90.0
-0.02674467580570856,0.334308447571357,90.0
-0.027542128028537467,0.3442766003567183,90.0
-0.02833958025136637,0.3542447531420796,90.0
-0.029137032474195267,0.3642129059274408,90.0
-0.02993448469702417,0.3741810587128021,90.0
-0.03040483384398305,0.3800604230497881,90.0
-0.030887545054049986,0.3860943131756248,90.0
-0.03168499727687889,0.3960624659609861,90.0
-0.032482449499707786,0.4060306187463473,90.0
-0.03327990172253669,0.4159987715317086,90.0
-0.03407735394536559,0.42596692431706984,90.0
-0.03487480616819449,0.4359350771024311,90.0
-0.035672258391023386,0.44590322988779235,90.0
-0.03646971061385229,0.45587138267315364,90.0
-0.037267162836681196,0.4658395354585149,90.0
-0.038064615059510094,0.47580768824387615,90.0
-0.03886206728233899,0.48577584102923743,90.0
-0.03965951950516789,0.49574399381459866,90.0
-0.04045697172799679,0.5057121465999599,90.0
-0.04125442395082569,0.5156802993853211,90.0
-0.042051876173654586,0.5256484521706823,90.0
-0.0428493283964835,0.5356166049560437,90.0
-0.043646780619312396,0.5455847577414049,90.0
-0.044444232842141294,0.5555529105267661,90.0
-0.04524168506497019,0.5655210633121274,90.0
-0.0460391372877991,0.5754892160974887,90.0
-0.046836589510627996,0.5854573688828499,90.0
-0.047634041733456894,0.5954255216682112,90.0
-0.0484314939562858,0.6053936744535725,90.0
-0.0492289461791147,0.6153618272389337,90.0
-0.050026398401943596,0.625329980024295,90.0
-0.050823850624772494,0.6352981328096562,90.0
-0.05162130284760141,0.6452662855950175,90.0
-0.052418755070430305,0.6552344383803788,90.0
-0.0532162072932592,0.66520259116574,90.0
-0.0540136595160881,0.6751707439511012,90.0
-0.05481111173891701,0.6851388967364626,90.0
-0.055608563961745905,0.6951070495218238,90.0
-0.0564060161845748,0.705075202307185,90.0
-0.05720346840740371,0.7150433550925464,90.0
-0.05772786746692228,0.7215983433365285,90.0
-0.05852531968975118,0.7315664961218897,90.0
-0.059322771912580084,0.7415346489072511,90.0
-0.06012022413540898,0.7515028016926123,90.0
-0.06091767635823788,0.7614709544779735,90.0
-0.06171512858106679,0.7714391072633349,90.0
-0.06251258080389568,0.7814072600486961,90.0
-0.06293281042784152,0.786660130348019,90.0
-0.06373026265067042,0.7966282831333802,90.0
-0.06452771487349933,0.8065964359187415,90.0
-0.06492644098491378,0.8115805123114221,90.0
-0.06532516709632823,0.8165645887041028,90.0
-0.06572389320774268,0.8215486650967834,90.0
-0.06612261931915712,0.826532741489464,90.0
-0.06659041839256875,0.8323802299071094,90.0
-0.0669891445039832,0.83736430629979,90.0
-0.06738787061539765,0.8423483826924706,90.0
-0.0677865967268121,0.8473324590851513,90.0
-0.06818532283822655,0.8523165354778319,90.0
-0.068584048949641,0.8573006118705125,90.0
-0.06898277506105545,0.8622846882631932,90.0
-0.06933602737875733,0.8667003422344666,90.0
-0.06980951813177617,0.8726189766472022,90.0
-0.07020824424319062,0.8776030530398828,90.0
-0.07060697035460507,0.8825871294325635,90.0
-0.07100569646601952,0.8875712058252441,90.0
-0.07140442257743397,0.8925552822179247,90.0
-0.07180314868884842,0.8975393586106053,90.0
-0.07220187480026287,0.9025234350032859,90.0
-0.07260060091167732,0.9075075113959665,90.0
-0.07299932702309178,0.9124915877886473,90.0
-0.07339805313450623,0.9174756641813279,90.0
-0.07379677924592068,0.9224597405740085,90.0
-0.07419550535733513,0.9274438169666891,90.0
-0.07459423146874958,0.9324278933593697,90.0
-0.07499295758016403,0.9374119697520503,90.0
-0.07539168369157848,0.9423960461447309,90.0
-0.07579040980299294,0.9473801225374117,90.0
-0.07618913591440739,0.9523641989300923,90.0
-0.07658786202582184,0.9573482753227729,90.0
-0.07698658813723629,0.9623323517154535,90.0
-0.07738531424865074,0.9673164281081341,90.0
-0.077841496022423,0.9730187002802876,90.0
-0.07824022213383745,0.9780027766729682,90.0
-0.0786389482452519,0.9829868530656488,90.0
-0.07903767435666635,0.9879709294583294,90.0
-0.0794364004680808,0.99295500585101,90.0
-0.07994493769591521,0.9993117211989401,90.0
-0.08,1.0,90.0
-0.08340964999153053,0.9986244849948269,-158.1950406131258
-0.08683624530615185,0.9972613965599204,-158.47159196187866
-0.09027978594386399,0.9959107346952805,-158.7464711540701
-0.09374027190466698,0.9945724994009071,-159.0196807710135
-0.0972177031885608,0.9932466906768004,-159.29122366636923
-0.10071207979554544,0.9919333085229602,-159.5611029586536
-0.1042234017256209,0.9906323529393867,-159.8293220234911
-0.1077516689787872,0.9893438239260798,-160.095884486249
-0.11129688155504433,0.9880677214830396,-160.36079421444612
-0.11485903945439228,0.986804045610266,-160.62405531044732
-0.11843814267683103,0.9855527963077587,-160.88567210417548
-0.12203419122236062,0.9843139735755183,-161.14564914588618
-0.12564718509098108,0.9830875774135445,-161.4039911990523
-0.1292771242826923,0.9818736078218372,-161.6607032333631
-0.13292400879749441,0.9806720648003965,-161.9157904177052
-0.13658783863538732,0.9794829483492224,-162.16925811348364
-0.14026861379637107,0.9783062584683151,-162.42111186772806
-0.14396633428044564,0.9771419951576743,-162.67135740658307
-0.147681000087611,0.9759901584173,-162.92000062867035
-0.15141261121786723,0.9748507482471924,-163.16704759876998
-0.1551611676712143,0.9737237646473514,-163.41250454145464
-0.15892666944765213,0.9726092076177768,-163.65637783487995
-0.16270911654718084,0.9715070771584691,-163.89867400465656
-0.16650850896980038,0.9704173732694279,-164.13939971798465
-0.17032484671551074,0.9693400959506535,-164.37856177762134
-0.17415812978431194,0.9682752452021456,-164.61616711623506
-0.17800835817620392,0.9672228210239041,-164.8522227907537
-0.18187553189118674,0.9661828234159292,-165.0867359767147
-0.18710788370379847,0.9648025068360987,-165.39999089279337
-0.1949386872313392,0.9627932460917042,-165.86031951951165
-0.2028372720512432,0.9608336916283761,-166.31460801751356
-0.2108036381635105,0.9589238434461145,-166.7629184890066
-0.21883778556814118,0.9570637015449194,-167.20531434082224
-0.2269397142651351,0.9552532659247905,-167.64186013917345
-0.23510942425449236,0.9534925365857281,-168.07262147100087
-0.23869253657572154,0.9527404398732191,-168.2586342966237
-0.24695957967737525,0.9510510881498409,-168.68120567246
-0.2552944040713923,0.949411442707529,-169.09815582478268
-0.26369700975777266,0.9478215035462836,-169.50955288768006
-0.27216739673651624,0.9462812706661043,-169.91546548319118
-0.28070556500762334,0.944790744066992,-170.31596261830495
-0.28931151457109355,0.9433499237489458,-170.71111358831058
-0.2979852454269271,0.941958809711966,-171.10098788536945
-0.3022754368908641,0.9412929572899543,-171.29079539575193
-0.31105028066963847,0.939975992729798,-171.67292757523498
-0.3172070263432706,0.9390873806927584,-171.9362766867434
-0.32609689951689813,0.937854771022161,-172.30978952955863
-0.3350545539828889,0.93667186763263,-172.6783171056376
-0.34407998974124304,0.9355386705241652,-173.04192867161106
-0.35317320679196046,0.9344551796967668,-173.40069323283183
-0.3623342051350412,0.9334213951504351,-173.75467948792243
-0.3715629847704853,0.9324373168851697,-174.10395577711972
-0.3808595456982926,0.9315029449009706,-174.44859003468443
-0.3902238879184633,0.9306182791978381,-174.7886497448971
-0.3949314770131849,0.9301945862016718,-174.9569851006066
-0.39965601143099727,0.9297833197757722,-175.12420190190824
-0.40439749117190055,0.929384479920139,-175.29030844042194
-0.40915591623589453,0.9289980666347725,-175.45531297264253
-0.4139312866229794,0.9286240799196723,-175.61922371904473
-0.4205152034823102,0.9281308596671975,-175.8424971586034
-0.4263430031523419,0.9277156783186027,-176.03755229818577
-0.4311790834416189,0.9273862121984437,-176.19761125417693
-0.4360321090539867,0.9270691726485513,-176.35661360953486
-0.4409020799894453,0.9267645596689253,-176.5145673673596
-0.4457889962479948,0.9264723732595659,-176.67148048925637
-0.45069285782963503,0.9261926134204732,-176.82736089474162
-0.45561366473436615,0.9259252801516472,-176.98221646057817
-0.46055141696218815,0.925670373453088,-177.1360550202044
-0.465506114513101,0.9254278933247952,-177.28888436316876
-0.4704777573871045,0.9251978397667691,-177.4407122346002
-0.47546634558419887,0.9249802127790092,-177.59154633468046
-0.48047187910438416,0.9247750123615164,-177.7413943182259
-0.48659146648392815,0.9245418651090839,-177.92258695193718
-0.4916345845908937,0.9243642267218966,-178.07027482487092
-0.49669464802095037,0.9241990149049757,-178.21700090166414
-0.5017716567740976,0.9240462296583216,-178.3627726414014
-0.5068656108503359,0.9239058709819341,-178.507597455853
-0.5119765102496647,0.9237779388758132,-178.65148270925812
-0.5171043549720846,0.9236624333399588,-178.7944357179525
-0.5222491450175952,0.9235593543743712,-178.93646375024088
-0.5274108803861968,0.9234687019790501,-179.0775740261578
-0.5319791897919428,0.9233990375476424,-179.20132032142263
-0.5371728214705977,0.9233317757796939,-179.3407225129588
-0.5423833984723438,0.9232769405820122,-179.47922748662998
-0.5476109207971805,0.9232345319545969,-179.61684227344497
-0.552855388445108,0.9232045498974483,-179.75357385536358
-0.5581168014161265,0.9231869944105662,-179.8894291652542
-0.5633951597102358,0.923181865493951,179.9755849131447
-0.5686904633274359,0.9231891631476021,179.84146154533536
-0.5740027122677267,0.9232088873715198,179.70819394605797
-0.5846780461175809,0.9232856155301552,179.44419915845046
-0.5954211612597986,0.923412049969857,179.18354725367843
-0.6062320576943794,0.9235881906906254,178.9261857226902
-0.6171107354213236,0.9238140376924602,178.67206284261573
-0.628057194440631,0.9240895909753611,178.42112767435898
-0.6390714347523019,0.9244148505393288,178.1733300595734
-0.6501534563563359,0.9247898163843629,177.9286206167374
-0.6613032592527334,0.9252144885104632,177.68695073679666
-0.672520843441494,0.92568886691763,177.44827257804772
-0.683806208922618,0.9262129516058633,177.21253906058027
-0.69010675684726,0.9265256696362758,177.08279825902295
-0.7014975695164813,0.9271270822624472,176.851553898688
-0.7129561634780661,0.9277782011696851,176.62313727553564
-0.7184136553408261,0.9281043439156378,176.51579502558755
-0.7299721732765467,0.9288287404039085,176.2914662787374
-0.7415984725046307,0.9296028431732457,176.06985668590914
-0.753292553025078,0.9304266522236494,175.85092361694336
-0.7650544148378886,0.9313001675551195,175.63462515253707
-0.7768840579430626,0.9322233891676561,175.42092007578472
-0.7887814823405997,0.9331963170612588,175.2097678635289
-0.8007466880305003,0.9342189512359284,175.00112867764707
-0.812779675012764,0.935291291691664,174.79496335591818
-0.8248804432873913,0.9364133384284662,174.5912334031289
-0.8370489928543816,0.9375850914463348,174.38990098174847
-0.8492853237137354,0.9388065507452699,174.19092890271088
-0.8554289071280484,0.9394359202501373,174.09231654500564
-0.8615894358654523,0.9400777163252713,173.99428061606758
-0.8677669099259473,0.9407319389706721,173.89681664549187
-0.8739613293095329,0.9413985881863393,173.7999202016047
-0.8801726940162092,0.9420776639722731,173.70358689124066
-0.8864010040459764,0.9427691663284736,173.60781235940962
-0.8926462593988346,0.9434730952549407,173.5125922889798
-0.8989084600747834,0.9441894507516744,173.41792240043694
-0.9072820083168359,0.9451636383423738,173.29258029614772
-0.9135837415852782,0.9459089844069359,173.1991775253941
-0.9199024201768112,0.9466667570417646,173.1063109407301
-0.926238044091435,0.9474369562468599,173.01397642209955
-0.9325906133291498,0.9482195820222218,172.92216988546346
-0.9389601278899552,0.9490146343678503,172.83088728252827
-0.9453465877738514,0.9498221132837453,172.7401246004121
-0.9517499929808385,0.950642018769907,172.6498778613892
-0.9581703435109166,0.9514743508263355,172.56014312261297
-0.9646076393640853,0.9523191094530304,172.47091647574553
-0.9710618805403449,0.9531762946499919,172.3821940467602
-0.9775330670396954,0.95404590641722,172.29397199561373
-0.9840211988621366,0.9549279447547148,172.20624651597797
-0.9905262760076687,0.9558224096624761,172.1190138349191
-0.9970482984762915,0.956729301140504,172.0322702126242
-1.0035872662680054,0.9576486191887986,171.94601194216705
-1.01014317938281,0.9585803638073598,171.8602353491566
-1.0167160378207054,0.9595245349961876,171.77493679149563
-1.02,0.96,0.0
-1.0198166371861779,0.9550033633233437,270.0
-1.0196332743723555,0.9500067266466873,270.0
-1.0194499115585334,0.945010089970031,270.0
-1.019266548744711,0.9400134532933746,270.0
-1.0190831859308889,0.9350168166167183,270.0
-1.0188578279758527,0.9288758123419836,270.0
-1.0186744651620303,0.9238791756653273,270.0
-1.0184911023482082,0.918882538988671,270.0
-1.0183077395343858,0.9138859023120146,270.0
-1.0181243767205637,0.9088892656353583,270.0
-1.0179410139067413,0.903892628958702,270.0
-1.0177576510929192,0.8988959922820456,270.0
-1.0175742882790968,0.8938993556053894,270.0
-1.0173909254652747,0.8889027189287331,270.0
-1.0172075626514523,0.8839060822520767,270.0
-1.0170241998376301,0.8789094455754204,270.0
-1.0168408370238078,0.873912808898764,270.0
-1.0166574742099856,0.8689161722221077,270.0
-1.0164741113961633,0.8639195355454513,270.0
-1.0162907485823411,0.858922898868795,270.0
-1.0161073857685188,0.8539262621921387,270.0
-1.0159240229546966,0.8489296255154823,270.0
-1.01567851216108,0.8422394563894336,270.0
-1.015495149347258,0.8372428197127774,270.0
-1.0153117865334356,0.832246183036121,270.0
-1.0151284237196134,0.8272495463594647,270.0
-1.0149359029204543,0.8220033545823806,270.0
-1.0147525401066322,0.8170067179057243,270.0
-1.0145691772928098,0.812010081229068,270.0
-1.0143858144789877,0.8070134445524116,270.0
-1.0142024516651653,0.8020168078757554,270.0
-1.0140190888513432,0.797020171199099,270.0
-1.0138357260375208,0.7920235345224427,270.0
-1.0134690004098763,0.78203026116913,270.0
-1.0131022747822318,0.7720369878158173,270.0
-1.0127355491545873,0.7620437144625047,270.0
-1.0123688235269428,0.7520504411091921,270.0
-1.012142050743621,0.7458708827636691,270.0
-1.0117753251159765,0.7358776094103564,270.0
-1.011408599488332,0.7258843360570437,270.0
-1.011250772200877,0.7215835424738972,270.0
-1.0108840465732325,0.7115902691205845,270.0
-1.0107172899213193,0.7070461503559489,270.0
-1.0103505642936748,0.6970528770026361,270.0
-1.0099838386660303,0.6870596036493235,270.0
-1.0096171130383857,0.6770663302960108,270.0
-1.0092503874107412,0.6670730569426981,270.0
-1.0088836617830967,0.6570797835893855,270.0
-1.0085169361554522,0.6470865102360728,270.0
-1.0081502105278077,0.6370932368827602,270.0
-1.0077834849001632,0.6270999635294475,270.0
-1.0074167592725187,0.6171066901761348,270.0
-1.0070500336448742,0.6071134168228222,270.0
-1.006870092663253,0.6022100250736446,270.0
-1.0065033670356085,0.592216751720332,270.0
-1.0063313951383914,0.5875305175211638,270.0
-1.005964669510747,0.5775372441678511,270.0
-1.0055979438831024,0.5675439708145384,270.0
-1.0053757818252171,0.561490054737167,270.0
-1.0050090561975726,0.5514967813838543,270.0
-1.0046423305699281,0.5415035080305417,270.0
-1.0042756049422836,0.531510234677229,270.0
-1.0039088793146391,0.5215169613239163,270.0
-1.0035421536869946,0.5115236879706037,270.0
-1.0031754280593501,0.501530414617291,270.0
-1.0028087024317056,0.4915371412639783,270.0
-1.002441976804061,0.4815438679106657,270.0
-1.0020752511764166,0.47155059455735304,270.0
-1.001708525548772,0.46155732120404036,270.0
-1.0013417999211276,0.4515640478507277,270.0
-1.000975074293483,0.4415707744974151,270.0
-1.0006083486658386,0.4315775011441024,270.0
-1.000241623038194,0.42158422779078975,270.0
-0.9998748974105496,0.4115909544374772,270.0
-0.9995081717829051,0.4015976810841644,270.0
-0.9991414461552606,0.3916044077308518,270.0
-0.9987747205276161,0.381611134377539,270.0
-0.9984079948999716,0.37161786102422645,270.0
-0.9980412692723271,0.3616245876709139,270.0
-0.9976745436446826,0.3516313143176011,270.0
-0.997307818017038,0.3416380409642885,270.0
-0.9969410923893935,0.3316447676109757,270.0
-0.9967149073661282,0.32548122572699334,270.0
-0.9963481817384837,0.31548795237368077,270.0
-0.9959814561108392,0.305494679020368,270.0
-0.9956147304831947,0.2955014056670554,270.0
-0.9952480048555502,0.28550813231374284,270.0
-0.9948812792279057,0.27551485896043004,270.0
-0.9945145536002612,0.26552158560711747,270.0
-0.9941478279726167,0.2555283122538048,270.0
-0.9937811023449722,0.2455350389004921,270.0
-0.9934143767173277,0.23554176554717943,270.0
-0.9930476510896832,0.22554849219386675,270.0
-0.9926809254620387,0.21555521884055417,270.0
-0.9923141998343942,0.2055619454872415,270.0
-0.9919474742067497,0.1955686721339288,270.0
-0.9915807485791052,0.18557539878061613,270.0
-0.9912140229514607,0.17558212542730345,270.0
-0.9908472973238162,0.16558885207399077,270.0
-0.9904805716961717,0.1555955787206782,270.0
-0.9901138460685271,0.14560230536736551,270.0
-0.9897471204408826,0.13560903201405283,270.0
-0.9893803948132381,0.12561575866074015,270.0
-0.9890136691855936,0.11562248530742747,270.0
-0.9886469435579491,0.1056292119541149,270.0
-0.9882802179303046,0.0956359386008021,270.0
-0.9879134923026601,0.08564266524748954,270.0
-0.9875467666750156,0.07564939189417674,270.0
-0.9871800410473711,0.06565611854086417,270.0
-0.9868133154197266,0.0556628451875516,270.0
-0.9864465897920821,0.04566957183423881,270.0
-0.9860798641644376,0.03567629848092624,270.0
-0.9857131385367931,0.025683025127613446,270.0
-0.9855297757229708,0.02068638845095727,270.0
-0.9853464129091486,0.015689751774300875,270.0
-0.9851630500953263,0.010693115097644479,270.0
-0.9849796872815041,0.005696478420988194,270.0
-0.9847963244676818,0.0006998417443319083,270.0
-0.9846129616538596,-0.004296794932324488,270.0
-0.9843705174196836,-0.010903400313619804,270.0
-0.9841871546058614,-0.01590003699027609,270.0
-0.9840037917920391,-0.020896673666932486,270.0
-0.9838204289782169,-0.02589331034358877,270.0
-0.9836370661643946,-0.030889947020245168,270.0
-0.9834734542864594,-0.03534837069398211,270.0
-0.9832900914726371,-0.0403450073706384,270.0
-0.9831067286588149,-0.04534164404729468,270.0
-0.9829233658449926,-0.05033828072395097,270.0
-0.9827400030311704,-0.05533491740060703,270.0
-0.9825566402173481,-0.060331554077263316,270.0
-0.9823732774035259,-0.0653281907539196,270.0
-0.9821899145897036,-0.07032482743057566,270.0
-0.9820065517758814,-0.07532146410723195,270.0
-0.9818231889620591,-0.08031810078388824,270.0
-0.9816398261482369,-0.08531473746054452,270.0
-0.9814564633344146,-0.09031137413720058,270.0
-0.9812731005205924,-0.09530801081385687,270.0
-0.9810897377067701,-0.10030464749051315,270.0
-0.9809063748929479,-0.10530128416716944,270.0
-0.9807230120791256,-0.1102979208438255,270.0
-0.9805396492653033,-0.11529455752048179,270.0
-0.9803562864514812,-0.12029119419713807,270.0
-0.980172923637659,-0.12528783087379414,270.0
-0.98,-0.1299999999999999,270.0
-0.9750034258311662,-0.12981494169745061,0.0
-0.9700068516623324,-0.1296298833949012,0.0
-0.9649801082564747,-0.12944370771320277,0.0
-0.9583752794729299,-0.12919908442492334,0.0
-0.953378705304096,-0.12901402612237392,0.0
-0.9483821311352622,-0.12882896781982453,0.0
-0.9425391950035888,-0.1286125627779107,0.0
-0.937542620834755,-0.1284275044753613,0.0
-0.9325460466659211,-0.12824244617281189,0.0
-0.9257659374078212,-0.1279913310151045,0.0
-0.9207693632389874,-0.1278062727125551,0.0
-0.9157727890701536,-0.12762121441000568,0.0
-0.9107762149013197,-0.1274361561074563,0.0
-0.9057796407324858,-0.1272510978049069,0.0
-0.900783066563652,-0.12706603950235748,0.0
-0.8957864923948182,-0.1268809811998081,0.0
-0.8907899182259843,-0.12669592289725867,0.0
-0.8857933440571505,-0.12651086459470928,0.0
-0.8807967698883167,-0.1263258062921599,0.0
-0.8758001957194829,-0.12614074798961047,0.0
-0.8708036215506489,-0.12595568968706108,0.0
-0.8658070473818151,-0.12577063138451167,0.0
-0.8608104732129813,-0.12558557308196228,0.0
-0.8558138990441475,-0.12540051477941289,0.0
-0.8508173248753137,-0.12521545647686347,0.0
-0.8458207507064798,-0.12503039817431408,0.0
-0.840824176537646,-0.12484533987176467,0.0
-0.8358276023688122,-0.12466028156921527,0.0
-0.8308310281999782,-0.12447522326666587,0.0
-0.8258344540311444,-0.12429016496411646,0.0
-0.8208378798623106,-0.12410510666156706,0.0
-0.8139275597831815,-0.12384916888085858,0.0
-0.8039344114455138,-0.12347905227575978,0.0
-0.7939412631078462,-0.12310893567066097,0.0
-0.7839481147701786,-0.12273881906556217,0.0
-0.7790226354369318,-0.12255639390507156,0.0
-0.7690294870992642,-0.12218627729997275,0.0
-0.7590363387615966,-0.12181616069487394,0.0
-0.7490431904239289,-0.12144604408977515,0.0
-0.7390500420862611,-0.12107592748467634,0.0
-0.7290568937485935,-0.12070581087957755,0.0
-0.7190637454109259,-0.12033569427447874,0.0
-0.7090705970732581,-0.11996557766937993,0.0
-0.6990774487355904,-0.11959546106428114,0.0
-0.6890843003979228,-0.11922534445918233,0.0
-0.679091152060255,-0.11885522785408352,0.0
-0.6690980037225874,-0.11848511124898473,0.0
-0.6591048553849197,-0.11811499464388592,0.0
-0.6491117070472521,-0.11774487803878711,0.0
-0.6391185587095845,-0.11737476143368832,0.0
-0.6291254103719166,-0.11700464482858951,0.0
-0.619132262034249,-0.11663452822349071,0.0
-0.6091391136965814,-0.1162644116183919,0.0
-0.5991459653589137,-0.1158942950132931,0.0
-0.589152817021246,-0.1155241784081943,0.0
-0.5791596686835783,-0.1151540618030955,0.0
-0.5691665203459106,-0.11478394519799669,0.0
-0.559173372008243,-0.11441382859289789,0.0
-0.5491802236705753,-0.11404371198779908,0.0
-0.5391870753329076,-0.11367359538270028,0.0
-0.5291939269952399,-0.11330347877760148,0.0
-0.5192007786575722,-0.11293336217250267,0.0
-0.5092076303199045,-0.11256324556740388,0.0
-0.5025815937305849,-0.11231783680483648,0.0
-0.49258844539291724,-0.11194772019973767,0.0
-0.48259529705524956,-0.11157760359463888,0.0
-0.472602148717582,-0.11120748698954008,0.0
-0.46260900037991426,-0.11083737038444127,0.0
-0.4526158520422465,-0.11046725377934247,0.0
-0.4426227037045789,-0.11009713717424366,0.0
-0.4380764122482641,-0.10992875600919497,0.0
-0.4280832639105965,-0.10955863940409617,0.0
-0.41809011557292886,-0.10918852279899736,0.0
-0.4080969672352611,-0.10881840619389857,0.0
-0.3981038188975935,-0.10844828958879976,0.0
-0.38811067055992576,-0.10807817298370095,0.0
-0.37811752222225814,-0.10770805637860216,0.0
-0.3681243738845904,-0.10733793977350335,0.0
-0.35813122554692267,-0.10696782316840454,0.0
-0.34813807720925505,-0.10659770656330575,0.0
-0.3432065714878607,-0.1064150582032541,0.0
-0.3332134231501931,-0.1060449415981553,0.0
-0.32322027481252524,-0.1056748249930565,0.0
-0.3132271264748576,-0.10530470838795769,0.0
-0.3032339781371899,-0.10493459178285888,0.0
-0.29324082979952226,-0.10456447517776009,0.0
-0.28324768146185453,-0.10419435857266128,0.0
-0.2732545331241869,-0.10382424196756249,0.0
-0.2632613847865193,-0.10345412536246368,0.0
-0.25326823644885155,-0.10308400875736487,0.0
-0.24327508811118392,-0.10271389215226608,0.0
-0.2332819397735162,-0.10234377554716727,0.0
-0.22328879143584845,-0.10197365894206846,0.0
-0.21329564309818083,-0.10160354233696967,0.0
-0.2033024947605131,-0.10123342573187086,0.0
-0.19330934642284547,-0.10086330912677205,0.0
-0.18331619808517774,-0.10049319252167326,0.0
-0.17332304974751012,-0.10012307591657445,0.0
-0.1633299014098425,-0.09975295931147565,0.0
-0.15333675307217476,-0.09938284270637684,0.0
-0.14334360473450714,-0.09901272610127804,0.0
-0.1333504563968394,-0.09864260949617924,0.0
-0.12335730805917178,-0.09827249289108043,0.0
-0.11336415972150393,-0.09790237628598163,0.0
-0.10337101138383631,-0.09753225968088283,0.0
-0.09337786304616869,-0.09716214307578402,0.0
-0.08338471470850095,-0.09679202647068522,0.0
-0.07339156637083333,-0.09642190986558642,0.0
-0.0633984180331656,-0.09605179326048761,0.0
-0.058824485075534394,-0.09588238833613091,0.0
-0.05382791090670058,-0.0956973300335815,0.0
-0.047000914471729605,-0.09544447831376776,0.0
-0.04200434030289579,-0.09525942001121837,0.0
-0.03700776613406198,-0.09507436170866895,0.0
-0.03201119196522817,-0.09488930340611956,0.0
-0.027014617796394247,-0.09470424510357016,0.0
-0.022018043627560435,-0.09451918680102075,0.0
-0.017021469458726624,-0.09433412849847136,0.0
-0.012024895289892812,-0.09414907019592195,0.0
-0.007028321121059,-0.09396401189337256,0.0
-0.0020317469522250775,-0.09377895359082315,0.0
0.002964827216608734,-0.09359389528827375,0.0
0.007961401385442546,-0.09340883698572436,0.0
0.012957975554276469,-0.09322377868317494,0.0
0.01795454972311039,-0.09303872038062555,0.0
0.02295112389194398,-0.09285366207807615,0.0
0.027947698060777793,-0.09266860377552674,0.0
0.03294427222961138,-0.09248354547297735,0.0
0.037940846398445194,-0.09229848717042796,0.0
0.042937420567279005,-0.09211342886787856,0.0
0.047933994736112595,-0.09192837056532915,0.0
0.05293056890494641,-0.09174331226277976,0.0
0.05792714307378022,-0.09155825396023037,0.0
0.06292371724261381,-0.09137319565768097,0.0
0.06792029141144762,-0.09118813735513157,0.0
0.07291686558028143,-0.09100307905258218,0.0
0.07791343974911502,-0.09081802075003279,0.0
0.08291001391794883,-0.09063296244748338,0.0
0.08790658808678242,-0.09044790414493398,0.0
0.09290316225561623,-0.09026284584238459,0.0
0.09789973642445005,-0.09007778753983518,0.0
0.10000000000000009,-0.09,0.0
