x,y,timestamp
0.5,0.5,0.0
0.5,0.5,0.1
0.5,0.5,0.2
0.5,0.5,0.30000000000000004
0.5,0.5,0.4
0.5,0.5,0.5
0.5,0.5,0.6
0.5,0.5,0.7
0.5,0.5,0.7999999999999999
0.5,0.5,0.8999999999999999
0.5,0.5,0.9999999999999999
0.5,0.5,1.0999999999999999
0.5,0.5,1.2
0.5,0.5,1.3
0.5,0.5,1.4000000000000001
0.5,0.5,1.5000000000000002
0.5,0.5,1.6000000000000003
0.5,0.5,1.7000000000000004
0.5,0.5,1.8000000000000005
0.5,0.5,1.9000000000000006
0.5,0.5,2.0000000000000004
0.5,0.5,2.1000000000000005
0.5,0.5,2.2000000000000006
0.5,0.5,2.3000000000000007
0.5,0.5,2.400000000000001
0.5,0.5,2.500000000000001
0.5,0.5,2.600000000000001
0.5,0.5,2.700000000000001
0.5,0.5,2.800000000000001
0.5,0.5,2.9000000000000012
0.5,0.5,3.0000000000000013
0.5,0.5,3.1000000000000014
0.5,0.5,3.2000000000000015
0.5,0.5,3.3000000000000016
0.5,0.5,3.4000000000000017
0.5,0.5,3.5000000000000018
0.5,0.5,3.600000000000002
0.5,0.5,3.700000000000002
0.5,0.5,3.800000000000002
0.5,0.5,3.900000000000002
0.5,0.5,4.000000000000002
0.5,0.5,4.100000000000001
0.5,0.5,4.200000000000001
0.5,0.5,4.300000000000001
0.5,0.5,4.4
0.5,0.5,4.5
0.5,0.5,4.6
0.5,0.5,4.699999999999999
0.5,0.5,4.799999999999999
0.5,0.5,4.899999999999999
0.5,0.5,4.999999999999998
0.5,0.5,5.099999999999998
0.5,0.5,5.1999999999999975
0.5,0.5,5.299999999999997
0.5,0.5,5.399999999999997
0.5,0.5,5.4999999999999964
0.5,0.5,5.599999999999996
0.5,0.5,5.699999999999996
0.5,0.5,5.799999999999995
0.5,0.5,5.899999999999995
0.5265714285714286,0.545775,5.999999999999995
0.5531428571428572,0.59155,6.052928172472947
0.5797142857142857,0.637325,6.105856344945899
0.6062857142857143,0.6831,6.158784517418851
0.6328571428571429,0.728875,6.211712689891803
0.6594285714285715,0.7746500000000001,6.264640862364755
0.6859999999999999,0.820425,6.317569034837707
0.7125714285714286,0.8662000000000001,6.370497207310659
0.7391428571428571,0.911975,6.423425379783611
0.7657142857142858,0.9577500000000001,6.476353552256563
0.7922857142857143,1.0035250000000002,6.529281724729515
0.818857142857143,1.0493000000000001,6.582209897202467
0.8454285714285714,1.095075,6.635138069675419
0.872,1.14085,6.688066242148371
0.8985714285714286,1.186625,6.740994414621323
0.9251428571428572,1.2324000000000002,6.793922587094275
0.9517142857142857,1.278175,6.846850759567227
0.9782857142857143,1.32395,6.899778932040179
1.004857142857143,1.369725,6.952707104513131
1.0314285714285716,1.4155000000000002,7.005635276986083
1.058,1.461275,7.058563449459035
1.0845714285714285,1.5070500000000002,7.111491621931987
1.1111428571428572,1.5528250000000001,7.164419794404939
1.137714285714286,1.5986,7.217347966877891
1.1642857142857144,1.6443750000000001,7.270276139350843
1.1908571428571428,1.6901500000000003,7.323204311823795
1.2174285714285715,1.7359250000000002,7.376132484296747
1.244,1.7817,7.429060656769699
1.2705714285714287,1.8274750000000002,7.481988829242651
1.2971428571428572,1.87325,7.534917001715603
1.3237142857142858,1.9190250000000002,7.587845174188555
1.3502857142857143,1.9648,7.640773346661507
1.3768571428571428,2.0105750000000002,7.693701519134459
1.4034285714285715,2.05635,7.746629691607411
1.4300000000000002,2.102125,7.799557864080363
1.4565714285714286,2.1479,7.852486036553315
1.483142857142857,2.193675,7.905414209026267
1.5097142857142858,2.23945,7.958342381499219
1.5362857142857145,2.2852250000000005,8.011270553972171
1.562857142857143,2.3310000000000004,8.064198726445122
1.5894285714285714,2.3767750000000003,8.117126898918073
1.616,2.42255,8.170055071391024
1.6425714285714286,2.468325,8.222983243863975
1.6691428571428573,2.5141000000000004,8.275911416336927
1.6957142857142857,2.5598750000000003,8.328839588809878
1.7222857142857144,2.6056500000000002,8.381767761282829
1.7488571428571429,2.651425,8.43469593375578
1.7754285714285716,2.6972,8.487624106228731
1.8020000000000003,2.7429750000000004,8.540552278701682
1.8285714285714287,2.7887500000000003,8.593480451174633
1.8551428571428572,2.834525,8.646408623647584
1.881714285714286,2.8803000000000005,8.699336796120535
1.9082857142857144,2.926075,8.752264968593487
1.934857142857143,2.9718500000000003,8.805193141066438
1.9614285714285715,3.0176250000000002,8.858121313539389
1.988,3.0634,8.91104948601234
2.0145714285714287,3.1091750000000005,8.963977658485291
2.0411428571428574,3.1549500000000004,9.016905830958242
2.0677142857142856,3.2007250000000003,9.069834003431193
2.0942857142857143,3.2465,9.122762175904144
2.120857142857143,3.292275,9.175690348377096
2.1474285714285717,3.3380500000000004,9.228618520850047
2.1740000000000004,3.3838250000000003,9.281546693322998
2.2005714285714286,3.4296,9.334474865795949
2.2271428571428573,3.4753750000000005,9.3874030382689
2.2537142857142856,3.5211500000000004,9.440331210741851
2.2802857142857142,3.5669250000000003,9.493259383214802
2.306857142857143,3.6127000000000002,9.546187555687753
2.3334285714285716,3.658475,9.599115728160704
2.3600000000000003,3.7042500000000005,9.652043900633656
2.386571428571429,3.7500250000000004,9.704972073106607
2.4131428571428573,3.7958000000000003,9.757900245579558
2.439714285714286,3.8415750000000006,9.810828418052509
2.466285714285714,3.88735,9.86375659052546
2.492857142857143,3.9331250000000004,9.916684762998411
2.5194285714285716,3.9789000000000003,9.969612935471362
2.5460000000000003,4.024675,10.022541107944313
2.572571428571429,4.070450000000001,10.075469280417265
2.599142857142857,4.116225,10.128397452890216
2.625714285714286,4.162000000000001,10.181325625363167
2.6522857142857146,4.207775,10.234253797836118
2.678857142857143,4.253550000000001,10.287181970309069
2.7054285714285715,4.2993250000000005,10.34011014278202
2.732,4.3451,10.393038315254971
2.732,4.3451,10.445966487727922
2.732,4.3451,10.545966487727922
2.732,4.3451,10.645966487727922
2.732,4.3451,10.745966487727921
2.732,4.3451,10.845966487727921
2.752886666666667,4.396906666666667,10.94596648772792
2.7737733333333336,4.448713333333334,11.001825090964624
2.7946600000000004,4.500520000000001,11.057683694201328
2.8155466666666666,4.552326666666667,11.113542297438032
2.8364333333333334,4.604133333333333,11.169400900674736
2.85732,4.65594,11.22525950391144
2.878206666666667,4.707746666666667,11.281118107148144
2.8990933333333335,4.759553333333334,11.336976710384848
2.9199800000000002,4.8113600000000005,11.392835313621552
2.940866666666667,4.863166666666667,11.448693916858256
2.9617533333333332,4.914973333333334,11.50455252009496
2.98264,4.96678,11.560411123331663
3.0035266666666667,5.018586666666667,11.616269726568367
3.0244133333333334,5.0703933333333335,11.672128329805071
3.0453,5.1222,11.727986933041775
3.0453,5.1222,11.783845536278479
3.0453,5.1222,11.883845536278479
3.0453,5.1222,11.983845536278478
3.0453,5.1222,12.083845536278478
3.0453,5.1222,12.183845536278477
3.0453,5.1222,12.283845536278477
3.0453,5.1222,12.383845536278477
3.0453,5.1222,12.483845536278476
3.0453,5.1222,12.583845536278476
3.0453,5.1222,12.683845536278476
3.0453,5.1222,12.783845536278475
3.0453,5.1222,12.883845536278475
3.0453,5.1222,12.983845536278475
3.0453,5.1222,13.083845536278474
3.0453,5.1222,13.183845536278474
3.0453,5.1222,13.283845536278474
3.0453,5.1222,13.383845536278473
3.0453,5.1222,13.483845536278473
3.0453,5.1222,13.583845536278472
3.0453,5.1222,13.683845536278472
3.092,5.14974,13.783845536278472
3.1387,5.1772800000000005,13.838061231422959
3.1854,5.20482,13.892276926567446
3.2321,5.23236,13.946492621711933
3.2788000000000004,5.2599,14.00070831685642
3.3255000000000003,5.28744,14.054924012000907
3.3722000000000003,5.31498,14.109139707145394
3.4189000000000003,5.3425199999999995,14.16335540228988
3.4656000000000002,5.37006,14.217571097434368
3.5123,5.3976,14.271786792578855
3.5123,5.3976,14.326002487723342
3.5123,5.3976,14.426002487723341
3.5123,5.3976,14.526002487723341
3.5123,5.3976,14.62600248772334
3.5123,5.3976,14.72600248772334
3.5123,5.3976,14.82600248772334
3.5123,5.3976,14.92600248772334
3.5123,5.3976,15.02600248772334
3.5123,5.3976,15.126002487723339
3.5123,5.3976,15.226002487723338
3.5123,5.3976,15.326002487723338
3.5123,5.3976,15.426002487723338
3.5123,5.3976,15.526002487723337
3.5123,5.3976,15.626002487723337
3.5123,5.3976,15.726002487723337
3.5123,5.3976,15.826002487723336
3.5123,5.3976,15.926002487723336
3.5123,5.3976,16.026002487723336
3.5123,5.3976,16.126002487723337
3.5123,5.3976,16.22600248772334
3.561066666666667,5.420933333333333,16.32600248772334
3.6098333333333334,5.444266666666667,16.380063862310212
3.6586000000000003,5.4676,16.434125236897085
3.7073666666666667,5.490933333333333,16.488186611483957
3.7561333333333335,5.514266666666666,16.54224798607083
3.8049,5.537599999999999,16.596309360657703
3.853666666666667,5.560933333333333,16.650370735244575
3.902433333333333,5.584266666666666,16.704432109831448
3.9512,5.6076,16.75849348441832
3.9999666666666664,5.630933333333333,16.812554859005193
4.048733333333333,5.6542666666666666,16.866616233592065
4.0975,5.6776,16.920677608178938
4.1462666666666665,5.700933333333333,16.97473898276581
4.195033333333333,5.724266666666666,17.028800357352683
4.2438,5.747599999999999,17.082861731939555
4.292566666666667,5.770933333333333,17.136923106526428
4.341333333333333,5.794266666666666,17.1909844811133
4.3901,5.8176,17.245045855700173
4.438866666666667,5.840933333333333,17.299107230287046
4.487633333333333,5.8642666666666665,17.353168604873918
4.5363999999999995,5.8876,17.40722997946079
4.585166666666666,5.9109333333333325,17.461291354047663
4.633933333333333,5.934266666666666,17.515352728634536
4.6827,5.957599999999999,17.56941410322141
4.731466666666666,5.980933333333333,17.62347547780828
4.780233333333333,6.004266666666666,17.677536852395153
4.829,6.0276,17.731598226982026
4.829,6.0276,17.7856596015689
4.829,6.0276,17.8856596015689
4.829,6.0276,17.9856596015689
4.829,6.0276,18.085659601568903
4.829,6.0276,18.185659601568904
4.829,6.0276,18.285659601568906
4.829,6.0276,18.385659601568907
4.829,6.0276,18.48565960156891
4.829,6.0276,18.58565960156891
4.829,6.0276,18.68565960156891
4.8726666666666665,6.057144444444444,18.785659601568913
4.916333333333333,6.086688888888888,18.838382006439222
4.96,6.116233333333333,18.89110441130953
5.003666666666667,6.145777777777777,18.94382681617984
5.0473333333333334,6.1753222222222215,18.99654922105015
5.091,6.204866666666667,19.049271625920458
5.134666666666666,6.234411111111111,19.101994030790767
5.178333333333333,6.2639555555555555,19.154716435661076
5.2219999999999995,6.2935,19.207438840531385
5.265666666666666,6.323044444444444,19.260161245401694
5.309333333333333,6.352588888888889,19.312883650272003
5.353,6.382133333333333,19.36560605514231
5.3966666666666665,6.411677777777777,19.41832846001262
5.440333333333333,6.441222222222222,19.47105086488293
5.484,6.470766666666666,19.52377326975324
5.527666666666667,6.5003111111111105,19.576495674623548
5.5713333333333335,6.529855555555556,19.629218079493857
5.615,6.5594,19.681940484364166
5.658666666666667,6.5889444444444445,19.734662889234475
5.702333333333334,6.618488888888889,19.787385294104784
5.746,6.648033333333333,19.840107698975093
5.789666666666666,6.677577777777778,19.8928301038454
5.833333333333333,6.707122222222222,19.94555250871571
5.877,6.736666666666666,19.99827491358602
5.9206666666666665,6.766211111111111,20.05099731845633
5.964333333333333,6.795755555555555,20.103719723326638
6.008,6.8253,20.156442128196947
6.051666666666667,6.854844444444444,20.209164533067256
6.0953333333333335,6.884388888888889,20.261886937937565
6.139,6.9139333333333335,20.314609342807874
6.182666666666667,6.943477777777778,20.367331747678183
6.226333333333333,6.973022222222222,20.42005415254849
6.2700000000000005,7.002566666666667,20.4727765574188
6.313666666666666,7.032111111111111,20.52549896228911
6.357333333333333,7.061655555555555,20.57822136715942
6.401,7.0912,20.630943772029728
6.4446666666666665,7.120744444444444,20.683666176900037
6.488333333333333,7.150288888888889,20.736388581770345
6.532,7.179833333333333,20.789110986640654
6.575666666666667,7.209377777777778,20.841833391510963
6.6193333333333335,7.2389222222222225,20.894555796381272
6.663,7.268466666666667,20.94727820125158
6.706666666666667,7.298011111111111,21.00000060612189
6.750333333333334,7.327555555555556,21.0527230109922
6.7940000000000005,7.3571,21.10544541586251
6.837666666666667,7.386644444444444,21.158167820732817
6.881333333333334,7.416188888888889,21.210890225603126
6.925000000000001,7.445733333333333,21.263612630473435
6.9686666666666675,7.475277777777778,21.316335035343744
7.012333333333334,7.504822222222223,21.369057440214053
7.056,7.534366666666667,21.421779845084362
7.099666666666667,7.5639111111111115,21.47450224995467
7.1433333333333335,7.593455555555556,21.52722465482498
7.187,7.623,21.57994705969529
